Token,Id
<PAD>,0
<RT>,1
</RT>,2
<EOS>,3
<SOS>,4
<MASK>,5
0,6
1,7
2,8
3,9
4,10
5,11
6,12
7,13
8,14
9,15
-1,16
-2,17
-3,18
-4,19
-5,20
-6,21
-7,22
-8,23
-9,24
A,25
C,26
D,27
E,28
F,29
G,30
H,31
I,32
K,33
L,34
M,35
N,36
P,37
Q,38
R,39
S,40
T,41
V,42
W,43
Y,44
4-ONE+Delta:H(-2)O(-1) on C,45
4-ONE+Delta:H(-2)O(-1) on H,46
4-ONE+Delta:H(-2)O(-1) on K,47
6C-CysPAT on C,48
6C-CysPAT on D,49
6C-CysPAT on E,50
6C-CysPAT on H,51
6C-CysPAT on K,52
6C-CysPAT on S,53
6C-CysPAT on T,54
6C-CysPAT on X,55
6C-CysPAT on Y,56
AccQTag on K,57
AccQTag on X,58
Acetyl on C,59
Acetyl on H,60
Acetyl on K,61
Acetyl on R,62
Acetyl on S,63
Acetyl on T,64
Acetyl on X,65
Acetyl on Y,66
Acetyl:13C(2) on K,67
Acetyl:13C(2) on X,68
Acetyl:2H(3) on H,69
Acetyl:2H(3) on K,70
Acetyl:2H(3) on S,71
Acetyl:2H(3) on T,72
Acetyl:2H(3) on X,73
Acetyl:2H(3) on Y,74
Acetyldeoxyhypusine on K,75
Acetylhypusine on K,76
ADP-Ribosyl on C,77
ADP-Ribosyl on D,78
ADP-Ribosyl on E,79
ADP-Ribosyl on K,80
ADP-Ribosyl on N,81
ADP-Ribosyl on R,82
ADP-Ribosyl on S,83
ADP-Ribosyl on T,84
AEBS on H,85
AEBS on K,86
AEBS on S,87
AEBS on X,88
AEBS on Y,89
AEC-MAEC on S,90
AEC-MAEC on T,91
AEC-MAEC:2H(4) on S,92
AEC-MAEC:2H(4) on T,93
AFB1_Dialdehyde on K,94
AHA-Alkyne on M,95
AHA-Alkyne-KDDDD on M,96
AHA-SS on M,97
AHA-SS_CAM on M,98
Ahx2+Hsl on X,99
Ala->Arg on A,100
Ala->Asn on A,101
Ala->Asp on A,102
Ala->Cys on A,103
Ala->Gln on A,104
Ala->Glu on A,105
Ala->Gly on A,106
Ala->His on A,107
Ala->Lys on A,108
Ala->Met on A,109
Ala->Phe on A,110
Ala->Pro on A,111
Ala->Ser on A,112
Ala->Thr on A,113
Ala->Trp on A,114
Ala->Tyr on A,115
Ala->Val on A,116
Ala->Xle on A,117
Amidated on X,118
Amidine on K,119
Amidine on X,120
Amidino on C,121
Amino on Y,122
Ammonia-loss on C,123
Ammonia-loss on N,124
Ammonia-loss on S,125
Ammonia-loss on T,126
Ammonium on D,127
Ammonium on E,128
Ammonium on X,129
AMTzHexNAc2 on N,130
AMTzHexNAc2 on S,131
AMTzHexNAc2 on T,132
Andro-H2O on C,133
Archaeol on C,134
Arg on X,135
Arg->Ala on R,136
Arg->Asn on R,137
Arg->Asp on R,138
Arg->Cys on R,139
Arg->Gln on R,140
Arg->Glu on R,141
Arg->GluSA on R,142
Arg->Gly on R,143
Arg->His on R,144
Arg->Lys on R,145
Arg->Met on R,146
Arg->Npo on R,147
Arg->Orn on R,148
Arg->Phe on R,149
Arg->Pro on R,150
Arg->Ser on R,151
Arg->Thr on R,152
Arg->Trp on R,153
Arg->Tyr on R,154
Arg->Val on R,155
Arg->Xle on R,156
Arg2PG on R,157
Argbiotinhydrazide on R,158
Arg-loss on R,159
AROD on C,160
Asn->Ala on N,161
Asn->Arg on N,162
Asn->Asp on N,163
Asn->Cys on N,164
Asn->Gln on N,165
Asn->Glu on N,166
Asn->Gly on N,167
Asn->His on N,168
Asn->Lys on N,169
Asn->Met on N,170
Asn->Phe on N,171
Asn->Pro on N,172
Asn->Ser on N,173
Asn->Thr on N,174
Asn->Trp on N,175
Asn->Tyr on N,176
Asn->Val on N,177
Asn->Xle on N,178
Asp->Ala on D,179
Asp->Arg on D,180
Asp->Asn on D,181
Asp->Cys on D,182
Asp->Gln on D,183
Asp->Glu on D,184
Asp->Gly on D,185
Asp->His on D,186
Asp->Lys on D,187
Asp->Met on D,188
Asp->Phe on D,189
Asp->Pro on D,190
Asp->Ser on D,191
Asp->Thr on D,192
Asp->Trp on D,193
Asp->Tyr on D,194
Asp->Val on D,195
Asp->Xle on D,196
Aspartylurea on H,197
Atto495Maleimide on C,198
a-type-ion on X,199
AzidoF on F,200
azole on C,201
azole on S,202
Bacillosamine on N,203
BADGE on C,204
BDMAPP on H,205
BDMAPP on K,206
BDMAPP on W,207
BDMAPP on X,208
BDMAPP on Y,209
BEMAD_C on C,210
BEMAD_C:2H(6) on C,211
BEMAD_ST on S,212
BEMAD_ST on T,213
BEMAD_ST:2H(6) on S,214
BEMAD_ST:2H(6) on T,215
Benzoyl on K,216
Benzoyl on X,217
benzylguanidine on K,218
betaFNA on C,219
betaFNA on K,220
BHT on C,221
BHT on H,222
BHT on K,223
BHTOH on C,224
BHTOH on H,225
BHTOH on K,226
Biotin on K,227
Biotin on X,228
Biotin:Aha-DADPS on M,229
Biotin:Aha-PC on M,230
Biotin:Cayman-10013 on C,231
Biotin:Cayman-10141 on C,232
Biotin:Invitrogen-M1602 on C,233
Biotin:Sigma-B1267 on C,234
Biotin:Thermo-21325 on K,235
Biotin:Thermo-21328 on K,236
Biotin:Thermo-21328 on X,237
Biotin:Thermo-21330 on K,238
Biotin:Thermo-21330 on X,239
Biotin:Thermo-21345 on Q,240
Biotin:Thermo-21360 on X,241
Biotin:Thermo-21901+2H2O on C,242
Biotin:Thermo-21901+H2O on C,243
Biotin:Thermo-21911 on C,244
Biotin:Thermo-33033 on X,245
Biotin:Thermo-33033-H on X,246
Biotin:Thermo-88310 on K,247
Biotin:Thermo-88317 on S,248
Biotin:Thermo-88317 on Y,249
biotinAcrolein298 on C,250
biotinAcrolein298 on H,251
biotinAcrolein298 on K,252
biotinAcrolein298 on X,253
Biotin-HPDP on C,254
Biotin-PEG-PRA on M,255
Biotin-PEO-Amine on D,256
Biotin-PEO-Amine on E,257
Biotin-PEO-Amine on X,258
Biotin-phenacyl on C,259
Biotin-phenacyl on H,260
Biotin-phenacyl on S,261
Biotin-tyramide on C,262
Biotin-tyramide on W,263
Biotin-tyramide on Y,264
BisANS on K,265
bisANS-sulfonates on K,266
bisANS-sulfonates on S,267
bisANS-sulfonates on T,268
BITC on C,269
BITC on K,270
BITC on X,271
BMP-piperidinol on C,272
BMP-piperidinol on M,273
Brij35 on X,274
Brij58 on X,275
Bromo on F,276
Bromo on H,277
Bromo on W,278
Bromo on Y,279
Bromobimane on C,280
Butyryl on K,281
C8-QAT on K,282
C8-QAT on X,283
CAF on X,284
CAMthiopropanoyl on K,285
CAMthiopropanoyl on X,286
Can-FP-biotin on S,287
Can-FP-biotin on T,288
Can-FP-biotin on Y,289
Carbamidomethyl on C,290
Carbamidomethyl on D,291
Carbamidomethyl on E,292
Carbamidomethyl on H,293
Carbamidomethyl on K,294
Carbamidomethyl on M,295
Carbamidomethyl on S,296
Carbamidomethyl on T,297
Carbamidomethyl on U,298
Carbamidomethyl on X,299
Carbamidomethyl on Y,300
CarbamidomethylDTT on C,301
Carbamyl on C,302
Carbamyl on K,303
Carbamyl on M,304
Carbamyl on R,305
Carbamyl on S,306
Carbamyl on T,307
Carbamyl on X,308
Carbamyl on Y,309
Carbofuran on S,310
Carbonyl on A,311
Carbonyl on E,312
Carbonyl on I,313
Carbonyl on L,314
Carbonyl on Q,315
Carbonyl on R,316
Carbonyl on S,317
Carbonyl on V,318
Carboxy on D,319
Carboxy on E,320
Carboxy on K,321
Carboxy on M,322
Carboxy on W,323
Carboxy->Thiocarboxy on G,324
Carboxyethyl on H,325
Carboxyethyl on K,326
Carboxyethylpyrrole on K,327
Carboxymethyl on C,328
Carboxymethyl on K,329
Carboxymethyl on U,330
Carboxymethyl on W,331
Carboxymethyl on X,332
Carboxymethyl:13C(2) on C,333
CarboxymethylDMAP on X,334
CarboxymethylDTT on C,335
Cation:Ag on D,336
Cation:Ag on E,337
Cation:Ag on X,338
Cation:Al[III] on D,339
Cation:Al[III] on E,340
Cation:Al[III] on X,341
Cation:Ca[II] on D,342
Cation:Ca[II] on E,343
Cation:Ca[II] on X,344
Cation:Cu[I] on D,345
Cation:Cu[I] on E,346
Cation:Cu[I] on H,347
Cation:Cu[I] on X,348
Cation:Fe[II] on D,349
Cation:Fe[II] on E,350
Cation:Fe[II] on X,351
Cation:Fe[III] on D,352
Cation:Fe[III] on E,353
Cation:Fe[III] on X,354
Cation:K on D,355
Cation:K on E,356
Cation:K on X,357
Cation:Li on D,358
Cation:Li on E,359
Cation:Li on X,360
Cation:Mg[II] on D,361
Cation:Mg[II] on E,362
Cation:Mg[II] on X,363
Cation:Na on D,364
Cation:Na on E,365
Cation:Na on X,366
Cation:Ni[II] on D,367
Cation:Ni[II] on E,368
Cation:Ni[II] on X,369
Cation:Zn[II] on D,370
Cation:Zn[II] on E,371
Cation:Zn[II] on H,372
Cation:Zn[II] on X,373
cGMP on C,374
cGMP on S,375
cGMP+RMP-loss on C,376
cGMP+RMP-loss on S,377
CHDH on D,378
Chlorination on W,379
Chlorination on Y,380
Cholesterol on X,381
CIGG on K,382
CLIP_TRAQ_2 on K,383
CLIP_TRAQ_2 on X,384
CLIP_TRAQ_2 on Y,385
CLIP_TRAQ_3 on K,386
CLIP_TRAQ_3 on X,387
CLIP_TRAQ_3 on Y,388
CLIP_TRAQ_4 on K,389
CLIP_TRAQ_4 on X,390
CLIP_TRAQ_4 on Y,391
CoenzymeA on C,392
Cresylphosphate on H,393
Cresylphosphate on K,394
Cresylphosphate on R,395
Cresylphosphate on S,396
Cresylphosphate on T,397
Cresylphosphate on Y,398
CresylSaligeninPhosphate on H,399
CresylSaligeninPhosphate on K,400
CresylSaligeninPhosphate on R,401
CresylSaligeninPhosphate on S,402
CresylSaligeninPhosphate on T,403
CresylSaligeninPhosphate on Y,404
Crotonaldehyde on C,405
Crotonaldehyde on H,406
Crotonaldehyde on K,407
Crotonyl on K,408
CuSMo on C,409
Cy3b-maleimide on C,410
Cy3-maleimide on C,411
Cyano on C,412
CyDye-Cy3 on C,413
CyDye-Cy5 on C,414
Cys->Ala on C,415
Cys->Arg on C,416
Cys->Asn on C,417
Cys->Asp on C,418
Cys->CamSec on C,419
Cys->Dha on C,420
Cys->ethylaminoAla on C,421
Cys->Gln on C,422
Cys->Glu on C,423
Cys->Gly on C,424
Cys->His on C,425
Cys->Lys on C,426
Cys->Met on C,427
Cys->methylaminoAla on C,428
Cys->Oxoalanine on C,429
Cys->Phe on C,430
Cys->Pro on C,431
Cys->PyruvicAcid on C,432
Cys->SecNEM on C,433
Cys->SecNEM:2H(5) on C,434
Cys->Ser on C,435
Cys->Thr on C,436
Cys->Trp on C,437
Cys->Tyr on C,438
Cys->Val on C,439
Cys->Xle on C,440
Cysteinyl on C,441
cysTMT on C,442
cysTMT6plex on C,443
Cytopiloyne on C,444
Cytopiloyne on K,445
Cytopiloyne on P,446
Cytopiloyne on R,447
Cytopiloyne on S,448
Cytopiloyne on X,449
Cytopiloyne on Y,450
Cytopiloyne+water on C,451
Cytopiloyne+water on K,452
Cytopiloyne+water on R,453
Cytopiloyne+water on S,454
Cytopiloyne+water on T,455
Cytopiloyne+water on X,456
Cytopiloyne+water on Y,457
DABCYL-C2-maleimide on C,458
DABCYL-C2-maleimide on K,459
DAET on S,460
DAET on T,461
Dansyl on K,462
Dansyl on X,463
Dap-DSP on A,464
Dap-DSP on E,465
Dap-DSP on K,466
DBIA on C,467
DCP on C,468
Deamidated on F,469
Deamidated on N,470
Deamidated on Q,471
Deamidated on R,472
Deamidated:18O(1) on N,473
Deamidated:18O(1) on Q,474
Decanoyl on S,475
Decanoyl on T,476
Decarboxylation on D,477
Decarboxylation on E,478
DEDGFLYMVYASQETFG on K,479
Dehydrated on C,480
Dehydrated on D,481
Dehydrated on N,482
Dehydrated on Q,483
Dehydrated on S,484
Dehydrated on T,485
Dehydrated on Y,486
Dehydro on C,487
Delta:H(-1)N(-1)18O(1) on N,488
Delta:H(10)C(8)O(1) on K,489
Delta:H(2)C(2) on H,490
Delta:H(2)C(2) on K,491
Delta:H(2)C(2) on X,492
Delta:H(2)C(3) on K,493
Delta:H(2)C(3)O(1) on K,494
Delta:H(2)C(3)O(1) on R,495
Delta:H(2)C(5) on K,496
Delta:H(4)C(2) on H,497
Delta:H(4)C(2) on K,498
Delta:H(4)C(2) on X,499
Delta:H(4)C(2)O(-1)S(1) on S,500
Delta:H(4)C(3) on H,501
Delta:H(4)C(3) on K,502
Delta:H(4)C(3) on X,503
Delta:H(4)C(3)O(1) on C,504
Delta:H(4)C(3)O(1) on H,505
Delta:H(4)C(3)O(1) on K,506
Delta:H(4)C(3)O(1) on R,507
Delta:H(4)C(3)O(2) on K,508
Delta:H(4)C(5)O(1) on R,509
Delta:H(4)C(6) on K,510
Delta:H(-4)O(2) on W,511
Delta:H(-4)O(3) on W,512
Delta:H(5)C(2) on P,513
Delta:H(6)C(3)O(1) on C,514
Delta:H(6)C(3)O(1) on H,515
Delta:H(6)C(3)O(1) on K,516
Delta:H(6)C(3)O(1) on X,517
Delta:H(6)C(6)O(1) on K,518
Delta:H(6)C(7)O(4) on R,519
Delta:H(8)C(6)O(1) on K,520
Delta:H(8)C(6)O(1) on X,521
Delta:H(8)C(6)O(2) on K,522
Delta:Hg(1) on C,523
Delta:O(4) on W,524
Delta:S(-1)Se(1) on C,525
Delta:S(-1)Se(1) on M,526
Delta:Se(1) on C,527
Deoxy on D,528
Deoxy on S,529
Deoxy on T,530
Deoxyhypusine on K,531
Deoxyhypusine on Q,532
DeStreak on C,533
Dethiomethyl on M,534
dHex on N,535
dHex on S,536
dHex on T,537
dHex(1)Hex(1) on S,538
dHex(1)Hex(1) on T,539
dHex(1)Hex(1)HexA(1)HexNAc(3) on S,540
dHex(1)Hex(1)HexA(1)HexNAc(3) on T,541
dHex(1)Hex(1)HexNAc(1)Kdn(1) on S,542
dHex(1)Hex(1)HexNAc(1)Kdn(1) on T,543
dHex(1)Hex(1)HexNAc(1)NeuAc(1) on S,544
dHex(1)Hex(1)HexNAc(1)NeuAc(1) on T,545
dHex(1)Hex(1)HexNAc(1)NeuGc(1) on S,546
dHex(1)Hex(1)HexNAc(1)NeuGc(1) on T,547
dHex(1)Hex(1)HexNAc(2)Kdn(1) on S,548
dHex(1)Hex(1)HexNAc(2)Kdn(1) on T,549
dHex(1)Hex(1)HexNAc(2)NeuAc(1) on S,550
dHex(1)Hex(1)HexNAc(2)NeuAc(1) on T,551
dHex(1)Hex(1)HexNAc(2)NeuAc(1)Sulf(1) on S,552
dHex(1)Hex(1)HexNAc(2)NeuAc(1)Sulf(1) on T,553
dHex(1)Hex(1)HexNAc(2)NeuAc(2) on S,554
dHex(1)Hex(1)HexNAc(2)NeuAc(2) on T,555
dHex(1)Hex(1)HexNAc(2)Sulf(1) on S,556
dHex(1)Hex(1)HexNAc(2)Sulf(1) on T,557
dHex(1)Hex(1)HexNAc(3) on S,558
dHex(1)Hex(1)HexNAc(3) on T,559
dHex(1)Hex(1)HexNAc(3)NeuAc(1) on S,560
dHex(1)Hex(1)HexNAc(3)NeuAc(1) on T,561
dHex(1)Hex(1)HexNAc(3)NeuAc(1)Sulf(1) on S,562
dHex(1)Hex(1)HexNAc(3)NeuAc(1)Sulf(1) on T,563
dHex(1)Hex(1)HexNAc(3)NeuGc(1) on S,564
dHex(1)Hex(1)HexNAc(3)NeuGc(1) on T,565
dHex(1)Hex(1)HexNAc(3)Sulf(1) on S,566
dHex(1)Hex(1)HexNAc(3)Sulf(1) on T,567
dHex(1)Hex(1)HexNAc(4) on S,568
dHex(1)Hex(1)HexNAc(4) on T,569
dHex(1)Hex(2) on S,570
dHex(1)Hex(2) on T,571
dHex(1)Hex(2)HexA(1) on S,572
dHex(1)Hex(2)HexA(1) on T,573
dHex(1)Hex(2)HexA(1)HexNAc(1) on S,574
dHex(1)Hex(2)HexA(1)HexNAc(1) on T,575
dHex(1)Hex(2)HexA(1)HexNAc(1)Sulf(1) on S,576
dHex(1)Hex(2)HexA(1)HexNAc(1)Sulf(1) on T,577
dHex(1)Hex(2)HexA(1)HexNAc(2) on S,578
dHex(1)Hex(2)HexA(1)HexNAc(2) on T,579
dHex(1)Hex(2)HexNAc(1) on S,580
dHex(1)Hex(2)HexNAc(1) on T,581
dHex(1)Hex(2)HexNAc(1)NeuAc(2) on S,582
dHex(1)Hex(2)HexNAc(1)NeuAc(2) on T,583
dHex(1)Hex(2)HexNAc(1)Sulf(1) on S,584
dHex(1)Hex(2)HexNAc(1)Sulf(1) on T,585
dHex(1)Hex(2)HexNAc(2)NeuAc(1)Sulf(1) on S,586
dHex(1)Hex(2)HexNAc(2)NeuAc(1)Sulf(1) on T,587
dHex(1)Hex(2)HexNAc(2)NeuAc(2) on S,588
dHex(1)Hex(2)HexNAc(2)NeuAc(2) on T,589
dHex(1)Hex(2)HexNAc(2)NeuAc(2)Sulf(1) on S,590
dHex(1)Hex(2)HexNAc(2)NeuAc(2)Sulf(1) on T,591
dHex(1)Hex(2)HexNAc(2)NeuGc(1) on N,592
dHex(1)Hex(2)HexNAc(2)NeuGc(1) on S,593
dHex(1)Hex(2)HexNAc(2)NeuGc(1) on T,594
dHex(1)Hex(2)HexNAc(2)NeuGc(2) on S,595
dHex(1)Hex(2)HexNAc(2)NeuGc(2) on T,596
dHex(1)Hex(2)HexNAc(2)NeuGc(3) on S,597
dHex(1)Hex(2)HexNAc(2)NeuGc(3) on T,598
dHex(1)Hex(2)HexNAc(2)Pent(1) on N,599
dHex(1)Hex(2)HexNAc(2)Sulf(1) on S,600
dHex(1)Hex(2)HexNAc(2)Sulf(1) on T,601
dHex(1)Hex(2)HexNAc(3) on N,602
dHex(1)Hex(2)HexNAc(3) on S,603
dHex(1)Hex(2)HexNAc(3) on T,604
dHex(1)Hex(2)HexNAc(3)NeuAc(1) on S,605
dHex(1)Hex(2)HexNAc(3)NeuAc(1) on T,606
dHex(1)Hex(2)HexNAc(3)NeuAc(1)Sulf(1) on S,607
dHex(1)Hex(2)HexNAc(3)NeuAc(1)Sulf(1) on T,608
dHex(1)Hex(2)HexNAc(3)Sulf(1) on S,609
dHex(1)Hex(2)HexNAc(3)Sulf(1) on T,610
dHex(1)Hex(2)HexNAc(4) on N,611
dHex(1)Hex(2)HexNAc(4) on S,612
dHex(1)Hex(2)HexNAc(4) on T,613
dHex(1)Hex(2)HexNAc(4)NeuAc(1) on S,614
dHex(1)Hex(2)HexNAc(4)NeuAc(1) on T,615
dHex(1)Hex(2)HexNAc(4)NeuAc(2) on S,616
dHex(1)Hex(2)HexNAc(4)NeuAc(2) on T,617
dHex(1)Hex(2)HexNAc(4)Sulf(2) on S,618
dHex(1)Hex(2)HexNAc(4)Sulf(2) on T,619
dHex(1)Hex(3) on S,620
dHex(1)Hex(3) on T,621
dHex(1)Hex(3)HexA(1)HexNAc(1) on S,622
dHex(1)Hex(3)HexA(1)HexNAc(1) on T,623
dHex(1)Hex(3)HexA(1)HexNAc(1)Sulf(1) on S,624
dHex(1)Hex(3)HexA(1)HexNAc(1)Sulf(1) on T,625
dHex(1)Hex(3)HexA(1)HexNAc(2) on S,626
dHex(1)Hex(3)HexA(1)HexNAc(2) on T,627
dHex(1)Hex(3)HexA(1)HexNAc(2)Sulf(1) on S,628
dHex(1)Hex(3)HexA(1)HexNAc(2)Sulf(1) on T,629
dHex(1)Hex(3)HexA(1)HexNAc(3)Sulf(1) on S,630
dHex(1)Hex(3)HexA(1)HexNAc(3)Sulf(1) on T,631
dHex(1)Hex(3)HexA(2)HexNAc(2) on S,632
dHex(1)Hex(3)HexA(2)HexNAc(2) on T,633
dHex(1)Hex(3)HexNAc(1) on S,634
dHex(1)Hex(3)HexNAc(1) on T,635
dHex(1)Hex(3)HexNAc(1)Sulf(1) on S,636
dHex(1)Hex(3)HexNAc(1)Sulf(1) on T,637
dHex(1)Hex(3)HexNAc(2) on N,638
dHex(1)Hex(3)HexNAc(2) on S,639
dHex(1)Hex(3)HexNAc(2) on T,640
dHex(1)Hex(3)HexNAc(2)NeuGc(1) on S,641
dHex(1)Hex(3)HexNAc(2)NeuGc(1) on T,642
dHex(1)Hex(3)HexNAc(2)Pent(1) on N,643
dHex(1)Hex(3)HexNAc(2)Sulf(1) on N,644
dHex(1)Hex(3)HexNAc(2)Sulf(1) on S,645
dHex(1)Hex(3)HexNAc(2)Sulf(1) on T,646
dHex(1)Hex(3)HexNAc(3) on N,647
dHex(1)Hex(3)HexNAc(3) on S,648
dHex(1)Hex(3)HexNAc(3) on T,649
dHex(1)Hex(3)HexNAc(3)NeuAc(2) on S,650
dHex(1)Hex(3)HexNAc(3)NeuAc(2) on T,651
dHex(1)Hex(3)HexNAc(3)Pent(1) on N,652
dHex(1)Hex(3)HexNAc(3)Pent(2) on N,653
dHex(1)Hex(3)HexNAc(3)Pent(3) on N,654
dHex(1)Hex(3)HexNAc(3)Sulf(1) on S,655
dHex(1)Hex(3)HexNAc(3)Sulf(1) on T,656
dHex(1)Hex(3)HexNAc(4) on N,657
dHex(1)Hex(3)HexNAc(4) on S,658
dHex(1)Hex(3)HexNAc(4) on T,659
dHex(1)Hex(3)HexNAc(4)NeuAc(1) on N,660
dHex(1)Hex(3)HexNAc(4)Pent(1) on N,661
dHex(1)Hex(3)HexNAc(4)Pent(2) on N,662
dHex(1)Hex(3)HexNAc(4)Pent(3) on N,663
dHex(1)Hex(3)HexNAc(4)Sulf(1) on N,664
dHex(1)Hex(3)HexNAc(5) on N,665
dHex(1)Hex(3)HexNAc(5) on S,666
dHex(1)Hex(3)HexNAc(5) on T,667
dHex(1)Hex(3)HexNAc(5)NeuAc(1) on N,668
dHex(1)Hex(3)HexNAc(5)NeuAc(1) on S,669
dHex(1)Hex(3)HexNAc(5)NeuAc(1) on T,670
dHex(1)Hex(3)HexNAc(5)Sulf(1) on N,671
dHex(1)Hex(3)HexNAc(6) on N,672
dHex(1)Hex(3)HexNAc(6) on S,673
dHex(1)Hex(3)HexNAc(6) on T,674
dHex(1)Hex(3)HexNAc(6)Sulf(1) on N,675
dHex(1)Hex(4) on S,676
dHex(1)Hex(4) on T,677
dHex(1)Hex(4)HexA(1) on S,678
dHex(1)Hex(4)HexA(1) on T,679
dHex(1)Hex(4)HexA(1)HexNAc(2) on S,680
dHex(1)Hex(4)HexA(1)HexNAc(2) on T,681
dHex(1)Hex(4)HexA(1)HexNAc(3)Sulf(1) on S,682
dHex(1)Hex(4)HexA(1)HexNAc(3)Sulf(1) on T,683
dHex(1)Hex(4)HexNAc(1)Pent(1) on N,684
dHex(1)Hex(4)HexNAc(2) on N,685
dHex(1)Hex(4)HexNAc(2) on S,686
dHex(1)Hex(4)HexNAc(2) on T,687
dHex(1)Hex(4)HexNAc(2)Pent(1) on N,688
dHex(1)Hex(4)HexNAc(3) on N,689
dHex(1)Hex(4)HexNAc(3)NeuAc(1) on N,690
dHex(1)Hex(4)HexNAc(3)NeuAc(1) on S,691
dHex(1)Hex(4)HexNAc(3)NeuAc(1) on T,692
dHex(1)Hex(4)HexNAc(3)NeuAc(1)Sulf(1) on N,693
dHex(1)Hex(4)HexNAc(3)NeuGc(1) on N,694
dHex(1)Hex(4)HexNAc(3)Pent(1) on N,695
dHex(1)Hex(4)HexNAc(3)Sulf(1) on N,696
dHex(1)Hex(4)HexNAc(4) on N,697
dHex(1)Hex(4)HexNAc(4) on S,698
dHex(1)Hex(4)HexNAc(4) on T,699
dHex(1)Hex(4)HexNAc(4)NeuAc(1) on N,700
dHex(1)Hex(4)HexNAc(4)NeuAc(1) on S,701
dHex(1)Hex(4)HexNAc(4)NeuAc(1) on T,702
dHex(1)Hex(4)HexNAc(4)NeuAc(1)Sulf(1) on N,703
dHex(1)Hex(4)HexNAc(4)Pent(1) on N,704
dHex(1)Hex(4)HexNAc(4)Sulf(1) on N,705
dHex(1)Hex(4)HexNAc(5) on N,706
dHex(1)Hex(4)HexNAc(5)Sulf(1) on N,707
dHex(1)Hex(5) on S,708
dHex(1)Hex(5) on T,709
dHex(1)Hex(5)HexA(1)HexNAc(3)Sulf(1) on N,710
dHex(1)Hex(5)HexA(1)HexNAc(3)Sulf(2) on N,711
dHex(1)Hex(5)HexNAc(2) on N,712
dHex(1)Hex(5)HexNAc(2)Pent(1) on N,713
dHex(1)Hex(5)HexNAc(3) on N,714
dHex(1)Hex(5)HexNAc(3)NeuAc(1) on N,715
dHex(1)Hex(5)HexNAc(3)NeuAc(1)Sulf(1) on N,716
dHex(1)Hex(5)HexNAc(3)NeuGc(1) on N,717
dHex(1)Hex(5)HexNAc(3)NeuGc(1)Sulf(1) on N,718
dHex(1)Hex(5)HexNAc(3)Sulf(1) on N,719
dHex(1)Hex(5)HexNAc(4) on N,720
dHex(1)Hex(5)HexNAc(4)Me(2)Pent(1) on N,721
dHex(1)Hex(5)HexNAc(4)NeuAc(1) on N,722
dHex(1)Hex(5)HexNAc(4)NeuAc(2) on N,723
dHex(1)Hex(5)HexNAc(4)Pent(1) on N,724
dHex(1)Hex(5)HexNAc(4)Sulf(1) on N,725
dHex(1)Hex(5)HexNAc(4)Sulf(2) on N,726
dHex(1)Hex(5)HexNAc(5) on N,727
dHex(1)Hex(6) on S,728
dHex(1)Hex(6) on T,729
dHex(1)Hex(6)HexNAc(2) on N,730
dHex(1)Hex(6)HexNAc(3) on N,731
dHex(1)Hex(6)HexNAc(3)Sulf(1) on N,732
dHex(1)Hex(6)HexNAc(4) on N,733
dHex(1)Hex(7)HexNAc(2) on N,734
dHex(1)Hex(7)HexNAc(3) on N,735
dHex(1)Hex(7)HexNAc(3)Phos(1) on N,736
dHex(1)Hex(7)HexNAc(3)Sulf(1) on N,737
dHex(1)Hex(7)HexNAc(4) on N,738
dHex(1)Hex(8)HexNAc(2) on N,739
dHex(1)HexNAc(3) on S,740
dHex(1)HexNAc(3) on T,741
dHex(1)HexNAc(4) on S,742
dHex(1)HexNAc(4) on T,743
dHex(1)HexNAc(5) on S,744
dHex(1)HexNAc(5) on T,745
dHex(2)Hex(1)HexNAc(1)Kdn(1) on S,746
dHex(2)Hex(1)HexNAc(1)Kdn(1) on T,747
dHex(2)Hex(1)HexNAc(2)Kdn(1) on S,748
dHex(2)Hex(1)HexNAc(2)Kdn(1) on T,749
dHex(2)Hex(1)HexNAc(2)NeuAc(1) on S,750
dHex(2)Hex(1)HexNAc(2)NeuAc(1) on T,751
dHex(2)Hex(1)HexNAc(2)NeuGc(1) on S,752
dHex(2)Hex(1)HexNAc(2)NeuGc(1) on T,753
dHex(2)Hex(1)HexNAc(3) on S,754
dHex(2)Hex(1)HexNAc(3) on T,755
dHex(2)Hex(1)HexNAc(4)Sulf(1) on S,756
dHex(2)Hex(1)HexNAc(4)Sulf(1) on T,757
dHex(2)Hex(2) on S,758
dHex(2)Hex(2) on T,759
dHex(2)Hex(2)HexA(1) on S,760
dHex(2)Hex(2)HexA(1) on T,761
dHex(2)Hex(2)HexA(1)HexNAc(1) on S,762
dHex(2)Hex(2)HexA(1)HexNAc(1) on T,763
dHex(2)Hex(2)HexA(1)HexNAc(2)Sulf(1) on S,764
dHex(2)Hex(2)HexA(1)HexNAc(2)Sulf(1) on T,765
dHex(2)Hex(2)HexNAc(1) on S,766
dHex(2)Hex(2)HexNAc(1) on T,767
dHex(2)Hex(2)HexNAc(2) on N,768
dHex(2)Hex(2)HexNAc(2) on S,769
dHex(2)Hex(2)HexNAc(2) on T,770
dHex(2)Hex(2)HexNAc(2)Kdn(1) on S,771
dHex(2)Hex(2)HexNAc(2)Kdn(1) on T,772
dHex(2)Hex(2)HexNAc(2)NeuAc(1) on S,773
dHex(2)Hex(2)HexNAc(2)NeuAc(1) on T,774
dHex(2)Hex(2)HexNAc(2)NeuAc(1)Sulf(1) on S,775
dHex(2)Hex(2)HexNAc(2)NeuAc(1)Sulf(1) on T,776
dHex(2)Hex(2)HexNAc(2)NeuGc(1) on S,777
dHex(2)Hex(2)HexNAc(2)NeuGc(1) on T,778
dHex(2)Hex(2)HexNAc(2)Sulf(1) on S,779
dHex(2)Hex(2)HexNAc(2)Sulf(1) on T,780
dHex(2)Hex(2)HexNAc(2)Sulf(2) on S,781
dHex(2)Hex(2)HexNAc(2)Sulf(2) on T,782
dHex(2)Hex(2)HexNAc(3) on N,783
dHex(2)Hex(2)HexNAc(3) on S,784
dHex(2)Hex(2)HexNAc(3) on T,785
dHex(2)Hex(2)HexNAc(3)NeuAc(1) on S,786
dHex(2)Hex(2)HexNAc(3)NeuAc(1) on T,787
dHex(2)Hex(2)HexNAc(3)NeuGc(1) on S,788
dHex(2)Hex(2)HexNAc(3)NeuGc(1) on T,789
dHex(2)Hex(2)HexNAc(3)Sulf(1) on S,790
dHex(2)Hex(2)HexNAc(3)Sulf(1) on T,791
dHex(2)Hex(2)HexNAc(4) on S,792
dHex(2)Hex(2)HexNAc(4) on T,793
dHex(2)Hex(2)HexNAc(4)Sulf(2) on S,794
dHex(2)Hex(2)HexNAc(4)Sulf(2) on T,795
dHex(2)Hex(2)HexNAc(5) on S,796
dHex(2)Hex(2)HexNAc(5) on T,797
dHex(2)Hex(2)HexNAc(6)Sulf(1) on S,798
dHex(2)Hex(2)HexNAc(6)Sulf(1) on T,799
dHex(2)Hex(3) on S,800
dHex(2)Hex(3) on T,801
dHex(2)Hex(3)HexA(1)HexNAc(1)Sulf(1) on S,802
dHex(2)Hex(3)HexA(1)HexNAc(1)Sulf(1) on T,803
dHex(2)Hex(3)HexA(1)HexNAc(2)Sulf(1) on S,804
dHex(2)Hex(3)HexA(1)HexNAc(2)Sulf(1) on T,805
dHex(2)Hex(3)HexA(1)HexNAc(3)Sulf(1) on S,806
dHex(2)Hex(3)HexA(1)HexNAc(3)Sulf(1) on T,807
dHex(2)Hex(3)HexNAc(1)Sulf(1) on S,808
dHex(2)Hex(3)HexNAc(1)Sulf(1) on T,809
dHex(2)Hex(3)HexNAc(2) on N,810
dHex(2)Hex(3)HexNAc(2) on S,811
dHex(2)Hex(3)HexNAc(2) on T,812
dHex(2)Hex(3)HexNAc(2)NeuGc(1) on S,813
dHex(2)Hex(3)HexNAc(2)NeuGc(1) on T,814
dHex(2)Hex(3)HexNAc(2)Sulf(1) on S,815
dHex(2)Hex(3)HexNAc(2)Sulf(1) on T,816
dHex(2)Hex(3)HexNAc(3) on N,817
dHex(2)Hex(3)HexNAc(3) on S,818
dHex(2)Hex(3)HexNAc(3) on T,819
dHex(2)Hex(3)HexNAc(3)NeuAc(1) on S,820
dHex(2)Hex(3)HexNAc(3)NeuAc(1) on T,821
dHex(2)Hex(3)HexNAc(3)NeuAc(2) on S,822
dHex(2)Hex(3)HexNAc(3)NeuAc(2) on T,823
dHex(2)Hex(3)HexNAc(3)Pent(1) on N,824
dHex(2)Hex(3)HexNAc(3)Pent(2) on N,825
dHex(2)Hex(3)HexNAc(3)Sulf(1) on S,826
dHex(2)Hex(3)HexNAc(3)Sulf(1) on T,827
dHex(2)Hex(3)HexNAc(4) on N,828
dHex(2)Hex(3)HexNAc(4) on S,829
dHex(2)Hex(3)HexNAc(4) on T,830
dHex(2)Hex(3)HexNAc(4)NeuAc(1) on N,831
dHex(2)Hex(3)HexNAc(4)Pent(1) on N,832
dHex(2)Hex(3)HexNAc(4)Pent(2) on N,833
dHex(2)Hex(3)HexNAc(5) on N,834
dHex(2)Hex(3)HexNAc(5) on S,835
dHex(2)Hex(3)HexNAc(5) on T,836
dHex(2)Hex(3)HexNAc(6) on N,837
dHex(2)Hex(4) on S,838
dHex(2)Hex(4) on T,839
dHex(2)Hex(4)HexA(1)HexNAc(3)Sulf(1) on S,840
dHex(2)Hex(4)HexA(1)HexNAc(3)Sulf(1) on T,841
dHex(2)Hex(4)HexNAc(1) on S,842
dHex(2)Hex(4)HexNAc(1) on T,843
dHex(2)Hex(4)HexNAc(2) on N,844
dHex(2)Hex(4)HexNAc(2) on S,845
dHex(2)Hex(4)HexNAc(2) on T,846
dHex(2)Hex(4)HexNAc(3) on N,847
dHex(2)Hex(4)HexNAc(3)NeuAc(1)Sulf(1) on N,848
dHex(2)Hex(4)HexNAc(3)Pent(1) on N,849
dHex(2)Hex(4)HexNAc(4) on N,850
dHex(2)Hex(4)HexNAc(4) on S,851
dHex(2)Hex(4)HexNAc(4) on T,852
dHex(2)Hex(4)HexNAc(4)Pent(1) on N,853
dHex(2)Hex(4)HexNAc(4)Sulf(1) on N,854
dHex(2)Hex(4)HexNAc(5) on N,855
dHex(2)Hex(4)HexNAc(5) on S,856
dHex(2)Hex(4)HexNAc(5) on T,857
dHex(2)Hex(5)HexNAc(2)Me(1) on S,858
dHex(2)Hex(5)HexNAc(2)Me(1) on T,859
dHex(2)Hex(5)HexNAc(3)Pent(1) on N,860
dHex(2)Hex(5)HexNAc(4) on N,861
dHex(2)HexNAc(2)Kdn(1) on S,862
dHex(2)HexNAc(2)Kdn(1) on T,863
dHex(2)HexNAc(5) on S,864
dHex(2)HexNAc(5) on T,865
dHex(2)HexNAc(7) on S,866
dHex(2)HexNAc(7) on T,867
dHex(3)Hex(1)HexNAc(2)Kdn(1) on S,868
dHex(3)Hex(1)HexNAc(2)Kdn(1) on T,869
dHex(3)Hex(1)HexNAc(3)Kdn(1) on S,870
dHex(3)Hex(1)HexNAc(3)Kdn(1) on T,871
dHex(3)Hex(2)HexA(1)HexNAc(2)Sulf(1) on S,872
dHex(3)Hex(2)HexA(1)HexNAc(2)Sulf(1) on T,873
dHex(3)Hex(2)HexNAc(2) on S,874
dHex(3)Hex(2)HexNAc(2) on T,875
dHex(3)Hex(2)HexNAc(2)Kdn(1) on S,876
dHex(3)Hex(2)HexNAc(2)Kdn(1) on T,877
dHex(3)Hex(2)HexNAc(3) on S,878
dHex(3)Hex(2)HexNAc(3) on T,879
dHex(3)Hex(2)HexNAc(3)Kdn(1) on S,880
dHex(3)Hex(2)HexNAc(3)Kdn(1) on T,881
dHex(3)Hex(2)HexNAc(4) on S,882
dHex(3)Hex(2)HexNAc(4) on T,883
dHex(3)Hex(2)HexNAc(4)Sulf(2) on S,884
dHex(3)Hex(2)HexNAc(4)Sulf(2) on T,885
dHex(3)Hex(3)HexNAc(1) on S,886
dHex(3)Hex(3)HexNAc(1) on T,887
dHex(3)Hex(3)HexNAc(2) on S,888
dHex(3)Hex(3)HexNAc(2) on T,889
dHex(3)Hex(3)HexNAc(3) on S,890
dHex(3)Hex(3)HexNAc(3) on T,891
dHex(3)Hex(3)HexNAc(3)NeuAc(1) on S,892
dHex(3)Hex(3)HexNAc(3)NeuAc(1) on T,893
dHex(3)Hex(3)HexNAc(3)Pent(1) on N,894
dHex(3)Hex(3)HexNAc(4) on N,895
dHex(3)Hex(3)HexNAc(4)Pent(1) on N,896
dHex(3)Hex(4)HexNAc(4) on N,897
dHex(3)Hex(4)HexNAc(4) on S,898
dHex(3)Hex(4)HexNAc(4) on T,899
dHex(3)Hex(4)HexNAc(4)Sulf(1) on N,900
dHex(3)HexNAc(3)Kdn(1) on S,901
dHex(3)HexNAc(3)Kdn(1) on T,902
dHex(4)Hex(1)HexNAc(1)Kdn(2) on S,903
dHex(4)Hex(1)HexNAc(1)Kdn(2) on T,904
dHex(4)Hex(1)HexNAc(2)Kdn(1) on S,905
dHex(4)Hex(1)HexNAc(2)Kdn(1) on T,906
dHex(4)Hex(1)HexNAc(3)Kdn(1) on S,907
dHex(4)Hex(1)HexNAc(3)Kdn(1) on T,908
dHex(4)Hex(2)HexNAc(2)Kdn(1) on S,909
dHex(4)Hex(2)HexNAc(2)Kdn(1) on T,910
dHex(4)Hex(2)HexNAc(3) on S,911
dHex(4)Hex(2)HexNAc(3) on T,912
dHex(4)Hex(3)HexNAc(2)NeuAc(1) on S,913
dHex(4)Hex(3)HexNAc(2)NeuAc(1) on T,914
dHex(4)Hex(3)HexNAc(3) on S,915
dHex(4)Hex(3)HexNAc(3) on T,916
dHex(4)HexNAc(3)Kdn(1) on S,917
dHex(4)HexNAc(3)Kdn(1) on T,918
DHP on C,919
Di_L-Gln_N?-propargyl-L-Gln_desthiobiotin on D,920
Di_L-Gln_N?-propargyl-L-Gln_desthiobiotin on E,921
Di_L-Glu_N?-propargyl-L-Gln_desthiobiotin on D,922
Di_L-Glu_N?-propargyl-L-Gln_desthiobiotin on E,923
Diacylglycerol on C,924
DiART6plex on K,925
DiART6plex on X,926
DiART6plex on Y,927
DiART6plex115 on K,928
DiART6plex115 on X,929
DiART6plex115 on Y,930
DiART6plex116/119 on K,931
DiART6plex116/119 on X,932
DiART6plex116/119 on Y,933
DiART6plex117 on K,934
DiART6plex117 on X,935
DiART6plex117 on Y,936
DiART6plex118 on K,937
DiART6plex118 on X,938
DiART6plex118 on Y,939
Dibromo on Y,940
Dicarbamidomethyl on C,941
Dicarbamidomethyl on H,942
Dicarbamidomethyl on K,943
Dicarbamidomethyl on R,944
Dicarbamidomethyl on X,945
dichlorination on C,946
dichlorination on Y,947
Didehydro on K,948
Didehydro on S,949
Didehydro on T,950
Didehydro on Y,951
Didehydroretinylidene on K,952
Diethyl on K,953
Diethyl on X,954
Diethylphosphate on C,955
Diethylphosphate on H,956
Diethylphosphate on K,957
Diethylphosphate on S,958
Diethylphosphate on T,959
Diethylphosphate on X,960
Diethylphosphate on Y,961
Diethylphosphothione on C,962
Diethylphosphothione on H,963
Diethylphosphothione on K,964
Diethylphosphothione on S,965
Diethylphosphothione on T,966
Diethylphosphothione on Y,967
Difuran on Y,968
Dihydroxyimidazolidine on R,969
Diiodo on H,970
Diiodo on Y,971
Diironsubcluster on C,972
Diisopropylphosphate on K,973
Diisopropylphosphate on S,974
Diisopropylphosphate on T,975
Diisopropylphosphate on X,976
Diisopropylphosphate on Y,977
DiLeu4plex on K,978
DiLeu4plex on X,979
DiLeu4plex on Y,980
DiLeu4plex115 on K,981
DiLeu4plex115 on X,982
DiLeu4plex115 on Y,983
DiLeu4plex117 on K,984
DiLeu4plex117 on X,985
DiLeu4plex117 on Y,986
DiLeu4plex118 on K,987
DiLeu4plex118 on X,988
DiLeu4plex118 on Y,989
Dimethyl on K,990
Dimethyl on N,991
Dimethyl on P,992
Dimethyl on R,993
Dimethyl on X,994
Dimethyl:2H(4) on K,995
Dimethyl:2H(4) on R,996
Dimethyl:2H(4) on X,997
Dimethyl:2H(4)13C(2) on K,998
Dimethyl:2H(4)13C(2) on R,999
Dimethyl:2H(4)13C(2) on X,1000
Dimethyl:2H(6) on K,1001
Dimethyl:2H(6) on R,1002
Dimethyl:2H(6) on X,1003
Dimethyl:2H(6)13C(2) on K,1004
Dimethyl:2H(6)13C(2) on R,1005
Dimethyl:2H(6)13C(2) on X,1006
DimethylamineGMBS on C,1007
Dimethylaminoethyl on C,1008
DimethylArsino on C,1009
Dimethylphosphothione on C,1010
Dimethylphosphothione on H,1011
Dimethylphosphothione on K,1012
Dimethylphosphothione on S,1013
Dimethylphosphothione on T,1014
Dimethylphosphothione on Y,1015
DimethylpyrroleAdduct on K,1016
Dioxidation on C,1017
Dioxidation on E,1018
Dioxidation on F,1019
Dioxidation on I,1020
Dioxidation on K,1021
Dioxidation on L,1022
Dioxidation on M,1023
Dioxidation on P,1024
Dioxidation on R,1025
Dioxidation on U,1026
Dioxidation on V,1027
Dioxidation on W,1028
Dioxidation on Y,1029
Diphthamide on H,1030
Dipyridyl on C,1031
Dipyrrolylmethanemethyl on C,1032
DMPO on C,1033
DMPO on H,1034
DMPO on Y,1035
DNCB_hapten on C,1036
DNCB_hapten on H,1037
DNCB_hapten on K,1038
DNCB_hapten on Y,1039
dNIC on K,1040
dNIC on X,1041
DNPS on C,1042
DNPS on W,1043
DTT on C,1044
DVFQQQTGG on K,1045
DyLight-maleimide on C,1046
DYn-2 on C,1047
EDEDTIDVFQQQTGG on K,1048
EDT-iodoacetyl-PEO-biotin on S,1049
EDT-iodoacetyl-PEO-biotin on T,1050
EDT-maleimide-PEO-biotin on S,1051
EDT-maleimide-PEO-biotin on T,1052
EEEDVIEVYQEQTGG on K,1053
EGCG1 on C,1054
EGCG2 on C,1055
EHD-diphenylpentanone on C,1056
EHD-diphenylpentanone on M,1057
EQAT on C,1058
EQAT:2H(5) on C,1059
EQIGG on K,1060
ESP on K,1061
ESP on X,1062
ESP:2H(10) on K,1063
ESP:2H(10) on X,1064
Ethanedithiol on S,1065
Ethanedithiol on T,1066
Ethanolamine on C,1067
Ethanolamine on D,1068
Ethanolamine on E,1069
Ethanolamine on X,1070
Ethanolyl on C,1071
Ethanolyl on K,1072
Ethanolyl on R,1073
Ethyl on D,1074
Ethyl on E,1075
Ethyl on K,1076
Ethyl on X,1077
Ethyl+Deamidated on N,1078
Ethyl+Deamidated on Q,1079
ethylamino on S,1080
ethylamino on T,1081
Ethylphosphate on K,1082
Ethylphosphate on S,1083
Ethylphosphate on T,1084
Ethylphosphate on X,1085
Ethylphosphate on Y,1086
ethylsulfonylethyl on C,1087
ethylsulfonylethyl on H,1088
ethylsulfonylethyl on K,1089
Ethynyl on C,1090
ExacTagAmine on K,1091
ExacTagThiol on C,1092
FAD on C,1093
FAD on H,1094
FAD on Y,1095
Farnesyl on C,1096
Fluorescein on C,1097
Fluorescein-tyramine on Y,1098
Fluoro on A,1099
Fluoro on F,1100
Fluoro on W,1101
Fluoro on Y,1102
FMN on S,1103
FMN on T,1104
FMNC on C,1105
FMNH on C,1106
FMNH on H,1107
FNEM on C,1108
Formyl on K,1109
Formyl on S,1110
Formyl on T,1111
Formyl on X,1112
Formylasparagine on H,1113
FormylMet on X,1114
FP-Biotin on K,1115
FP-Biotin on S,1116
FP-Biotin on T,1117
FP-Biotin on Y,1118
FTC on C,1119
FTC on K,1120
FTC on P,1121
FTC on R,1122
FTC on S,1123
Furan on Y,1124
Galactosyl on K,1125
Galactosyl on X,1126
GEE on Q,1127
GeranylGeranyl on C,1128
GG on C,1129
GG on K,1130
GG on S,1131
GG on T,1132
GG on X,1133
GGQ on K,1134
G-H1 on R,1135
GIST-Quat on K,1136
GIST-Quat on X,1137
GIST-Quat:2H(3) on K,1138
GIST-Quat:2H(3) on X,1139
GIST-Quat:2H(6) on K,1140
GIST-Quat:2H(6) on X,1141
GIST-Quat:2H(9) on K,1142
GIST-Quat:2H(9) on X,1143
Gln->Ala on Q,1144
Gln->Arg on Q,1145
Gln->Asn on Q,1146
Gln->Asp on Q,1147
Gln->Cys on Q,1148
Gln->Glu on Q,1149
Gln->Gly on Q,1150
Gln->His on Q,1151
Gln->Lys on Q,1152
Gln->Met on Q,1153
Gln->Phe on Q,1154
Gln->Pro on Q,1155
Gln->pyro-Glu on Q,1156
Gln->Ser on Q,1157
Gln->Thr on Q,1158
Gln->Trp on Q,1159
Gln->Tyr on Q,1160
Gln->Val on Q,1161
Gln->Xle on Q,1162
Glu on E,1163
Glu on X,1164
Glu+O(2) on H,1165
Glu->Ala on E,1166
Glu->Arg on E,1167
Glu->Asn on E,1168
Glu->Asp on E,1169
Glu->Cys on E,1170
Glu->Gln on E,1171
Glu->Gly on E,1172
Glu->His on E,1173
Glu->Lys on E,1174
Glu->Met on E,1175
Glu->Phe on E,1176
Glu->Pro on E,1177
Glu->pyro-Glu on E,1178
Glu->pyro-Glu+Methyl on E,1179
Glu->pyro-Glu+Methyl:2H(2)13C(1) on E,1180
Glu->Ser on E,1181
Glu->Thr on E,1182
Glu->Trp on E,1183
Glu->Tyr on E,1184
Glu->Val on E,1185
Glu->Xle on E,1186
glucosone on R,1187
Glucosylgalactosyl on K,1188
Glucuronyl on S,1189
Glucuronyl on T,1190
Glucuronyl on X,1191
GluGlu on E,1192
GluGlu on X,1193
GluGluGlu on E,1194
GluGluGlu on X,1195
GluGluGluGlu on E,1196
GluGluGluGlu on X,1197
Gluratylation on K,1198
Glutathione on C,1199
Gly on K,1200
Gly on S,1201
Gly on T,1202
Gly+O(2) on H,1203
Gly->Ala on G,1204
Gly->Arg on G,1205
Gly->Asn on G,1206
Gly->Asp on G,1207
Gly->Cys on G,1208
Gly->Gln on G,1209
Gly->Glu on G,1210
Gly->His on G,1211
Gly->Lys on G,1212
Gly->Met on G,1213
Gly->Phe on G,1214
Gly->Pro on G,1215
Gly->Ser on G,1216
Gly->Thr on G,1217
Gly->Trp on G,1218
Gly->Tyr on G,1219
Gly->Val on G,1220
Gly->Xle on G,1221
Glycerophospho on S,1222
Glyceroyl on K,1223
Glyceroyl on X,1224
GlycerylPE on E,1225
glycidamide on K,1226
glycidamide on X,1227
Glycosyl on P,1228
Gly-loss+Amide on G,1229
glyoxalAGE on R,1230
GNLLFLACYCIGG on K,1231
GPIanchor on X,1232
Guanidinyl on K,1233
Guanidinyl on X,1234
Haloxon on C,1235
Haloxon on H,1236
Haloxon on K,1237
Haloxon on S,1238
Haloxon on T,1239
Haloxon on Y,1240
HCysteinyl on C,1241
HCysThiolactone on K,1242
Heme on C,1243
Heme on H,1244
Hep on K,1245
Hep on N,1246
Hep on Q,1247
Hep on R,1248
Hep on S,1249
Hep on T,1250
Hex on C,1251
Hex on K,1252
Hex on N,1253
Hex on R,1254
Hex on S,1255
Hex on T,1256
Hex on W,1257
Hex on X,1258
Hex on Y,1259
Hex(1)HexA(1) on S,1260
Hex(1)HexA(1) on T,1261
Hex(1)HexA(1)HexNAc(1) on S,1262
Hex(1)HexA(1)HexNAc(1) on T,1263
Hex(1)HexA(1)HexNAc(2) on S,1264
Hex(1)HexA(1)HexNAc(2) on T,1265
Hex(1)HexNAc(1) on N,1266
Hex(1)HexNAc(1) on S,1267
Hex(1)HexNAc(1) on T,1268
Hex(1)HexNAc(1)dHex(1) on N,1269
Hex(1)HexNAc(1)dHex(1) on S,1270
Hex(1)HexNAc(1)dHex(1) on T,1271
Hex(1)HexNAc(1)dHex(1)Me(1) on S,1272
Hex(1)HexNAc(1)dHex(1)Me(1) on T,1273
Hex(1)HexNAc(1)dHex(1)Me(2) on S,1274
Hex(1)HexNAc(1)dHex(1)Me(2) on T,1275
Hex(1)HexNAc(1)Kdn(1)Sulf(1) on S,1276
Hex(1)HexNAc(1)Kdn(1)Sulf(1) on T,1277
Hex(1)HexNAc(1)NeuAc(1) on N,1278
Hex(1)HexNAc(1)NeuAc(1) on S,1279
Hex(1)HexNAc(1)NeuAc(1) on T,1280
Hex(1)HexNAc(1)NeuAc(1)Ac(1) on S,1281
Hex(1)HexNAc(1)NeuAc(1)Ac(1) on T,1282
Hex(1)HexNAc(1)NeuAc(1)NeuGc(1) on S,1283
Hex(1)HexNAc(1)NeuAc(1)NeuGc(1) on T,1284
Hex(1)HexNAc(1)NeuAc(1)Sulf(1) on S,1285
Hex(1)HexNAc(1)NeuAc(1)Sulf(1) on T,1286
Hex(1)HexNAc(1)NeuAc(2) on N,1287
Hex(1)HexNAc(1)NeuAc(2) on S,1288
Hex(1)HexNAc(1)NeuAc(2) on T,1289
Hex(1)HexNAc(1)NeuAc(2)Ac(1) on S,1290
Hex(1)HexNAc(1)NeuAc(2)Ac(1) on T,1291
Hex(1)HexNAc(1)NeuAc(2)Ac(2) on S,1292
Hex(1)HexNAc(1)NeuAc(2)Ac(2) on T,1293
Hex(1)HexNAc(1)NeuAc(3) on S,1294
Hex(1)HexNAc(1)NeuAc(3) on T,1295
Hex(1)HexNAc(1)NeuGc(1) on S,1296
Hex(1)HexNAc(1)NeuGc(1) on T,1297
Hex(1)HexNAc(1)NeuGc(2) on S,1298
Hex(1)HexNAc(1)NeuGc(2) on T,1299
Hex(1)HexNAc(1)NeuGc(3) on S,1300
Hex(1)HexNAc(1)NeuGc(3) on T,1301
Hex(1)HexNAc(1)NeuGc(4) on S,1302
Hex(1)HexNAc(1)NeuGc(4) on T,1303
Hex(1)HexNAc(1)NeuGc(5) on S,1304
Hex(1)HexNAc(1)NeuGc(5) on T,1305
Hex(1)HexNAc(1)Phos(1) on S,1306
Hex(1)HexNAc(1)Phos(1) on T,1307
Hex(1)HexNAc(1)Sulf(1) on S,1308
Hex(1)HexNAc(1)Sulf(1) on T,1309
Hex(1)HexNAc(2) on N,1310
Hex(1)HexNAc(2) on S,1311
Hex(1)HexNAc(2) on T,1312
Hex(1)HexNAc(2)dHex(1) on N,1313
Hex(1)HexNAc(2)dHex(1) on S,1314
Hex(1)HexNAc(2)dHex(1) on T,1315
Hex(1)HexNAc(2)dHex(1)Pent(1) on N,1316
Hex(1)HexNAc(2)dHex(2) on N,1317
Hex(1)HexNAc(2)dHex(2) on S,1318
Hex(1)HexNAc(2)dHex(2) on T,1319
Hex(1)HexNAc(2)dHex(2)Sulf(1) on S,1320
Hex(1)HexNAc(2)dHex(2)Sulf(1) on T,1321
Hex(1)HexNAc(2)NeuAc(1) on S,1322
Hex(1)HexNAc(2)NeuAc(1) on T,1323
Hex(1)HexNAc(2)NeuAc(1)Sulf(1) on S,1324
Hex(1)HexNAc(2)NeuAc(1)Sulf(1) on T,1325
Hex(1)HexNAc(2)NeuAc(2) on S,1326
Hex(1)HexNAc(2)NeuAc(2) on T,1327
Hex(1)HexNAc(2)NeuAc(2)Sulf(1) on S,1328
Hex(1)HexNAc(2)NeuAc(2)Sulf(1) on T,1329
Hex(1)HexNAc(2)NeuGc(1) on S,1330
Hex(1)HexNAc(2)NeuGc(1) on T,1331
Hex(1)HexNAc(2)Pent(1) on N,1332
Hex(1)HexNAc(2)Sulf(1) on S,1333
Hex(1)HexNAc(2)Sulf(1) on T,1334
Hex(1)HexNAc(3) on S,1335
Hex(1)HexNAc(3) on T,1336
Hex(1)HexNAc(3)NeuAc(1) on S,1337
Hex(1)HexNAc(3)NeuAc(1) on T,1338
Hex(1)HexNAc(3)NeuAc(2) on S,1339
Hex(1)HexNAc(3)NeuAc(2) on T,1340
Hex(1)HexNAc(3)NeuGc(1) on S,1341
Hex(1)HexNAc(3)NeuGc(1) on T,1342
Hex(1)HexNAc(3)Sulf(1) on S,1343
Hex(1)HexNAc(3)Sulf(1) on T,1344
Hex(1)HexNAc(4)dHex(1)Sulf(1) on S,1345
Hex(1)HexNAc(4)dHex(1)Sulf(1) on T,1346
Hex(1)NeuAc(1) on S,1347
Hex(1)NeuAc(1) on T,1348
Hex(1)NeuAc(1)Pent(1) on S,1349
Hex(1)NeuAc(1)Pent(1) on T,1350
Hex(1)NeuGc(1) on S,1351
Hex(1)NeuGc(1) on T,1352
Hex(1)Pent(1) on S,1353
Hex(1)Pent(1) on T,1354
Hex(1)Pent(2) on S,1355
Hex(1)Pent(2) on T,1356
Hex(1)Pent(2)Me(1) on S,1357
Hex(1)Pent(2)Me(1) on T,1358
Hex(1)Pent(3) on S,1359
Hex(1)Pent(3) on T,1360
Hex(1)Pent(3)Me(1) on S,1361
Hex(1)Pent(3)Me(1) on T,1362
Hex(10)HexNAc(1) on N,1363
Hex(10)Phos(3) on S,1364
Hex(10)Phos(3) on T,1365
Hex(2) on K,1366
Hex(2) on R,1367
Hex(2) on S,1368
Hex(2) on T,1369
Hex(2)HexA(1)HexNAc(1)Sulf(1) on S,1370
Hex(2)HexA(1)HexNAc(1)Sulf(1) on T,1371
Hex(2)HexA(1)NeuAc(1)Pent(1)Sulf(1) on S,1372
Hex(2)HexA(1)NeuAc(1)Pent(1)Sulf(1) on T,1373
Hex(2)HexA(1)Pent(1)Sulf(1) on S,1374
Hex(2)HexA(1)Pent(1)Sulf(1) on T,1375
Hex(2)HexNAc(1) on N,1376
Hex(2)HexNAc(1) on S,1377
Hex(2)HexNAc(1) on T,1378
Hex(2)HexNAc(1)Me(1) on S,1379
Hex(2)HexNAc(1)Me(1) on T,1380
Hex(2)HexNAc(1)NeuGc(1) on S,1381
Hex(2)HexNAc(1)NeuGc(1) on T,1382
Hex(2)HexNAc(1)NeuGc(2) on S,1383
Hex(2)HexNAc(1)NeuGc(2) on T,1384
Hex(2)HexNAc(1)NeuGc(3) on S,1385
Hex(2)HexNAc(1)NeuGc(3) on T,1386
Hex(2)HexNAc(1)NeuGc(4) on S,1387
Hex(2)HexNAc(1)NeuGc(4) on T,1388
Hex(2)HexNAc(1)Pent(1)HexA(1) on S,1389
Hex(2)HexNAc(1)Pent(1)HexA(1) on T,1390
Hex(2)HexNAc(1)Sulf(1) on S,1391
Hex(2)HexNAc(1)Sulf(1) on T,1392
Hex(2)HexNAc(2) on N,1393
Hex(2)HexNAc(2) on S,1394
Hex(2)HexNAc(2) on T,1395
Hex(2)HexNAc(2)dHex(1) on N,1396
Hex(2)HexNAc(2)dHex(1) on S,1397
Hex(2)HexNAc(2)dHex(1) on T,1398
Hex(2)HexNAc(2)NeuAc(1) on N,1399
Hex(2)HexNAc(2)NeuAc(1) on S,1400
Hex(2)HexNAc(2)NeuAc(1) on T,1401
Hex(2)HexNAc(2)NeuAc(1)Sulf(1) on S,1402
Hex(2)HexNAc(2)NeuAc(1)Sulf(1) on T,1403
Hex(2)HexNAc(2)NeuAc(2) on S,1404
Hex(2)HexNAc(2)NeuAc(2) on T,1405
Hex(2)HexNAc(2)NeuAc(2)Sulf(1) on S,1406
Hex(2)HexNAc(2)NeuAc(2)Sulf(1) on T,1407
Hex(2)HexNAc(2)NeuGc(1) on S,1408
Hex(2)HexNAc(2)NeuGc(1) on T,1409
Hex(2)HexNAc(2)Pent(1) on N,1410
Hex(2)HexNAc(2)Sulf(1) on S,1411
Hex(2)HexNAc(2)Sulf(1) on T,1412
Hex(2)HexNAc(3) on N,1413
Hex(2)HexNAc(3) on S,1414
Hex(2)HexNAc(3) on T,1415
Hex(2)HexNAc(3)NeuAc(1)NeuGc(1) on S,1416
Hex(2)HexNAc(3)NeuAc(1)NeuGc(1) on T,1417
Hex(2)HexNAc(3)NeuAc(1)Sulf(1) on S,1418
Hex(2)HexNAc(3)NeuAc(1)Sulf(1) on T,1419
Hex(2)HexNAc(3)NeuAc(2) on S,1420
Hex(2)HexNAc(3)NeuAc(2) on T,1421
Hex(2)HexNAc(3)NeuAc(3) on S,1422
Hex(2)HexNAc(3)NeuAc(3) on T,1423
Hex(2)HexNAc(3)NeuGc(1) on S,1424
Hex(2)HexNAc(3)NeuGc(1) on T,1425
Hex(2)HexNAc(3)NeuGc(2) on S,1426
Hex(2)HexNAc(3)NeuGc(2) on T,1427
Hex(2)HexNAc(3)NeuGc(3) on S,1428
Hex(2)HexNAc(3)NeuGc(3) on T,1429
Hex(2)HexNAc(3)Sulf(1) on S,1430
Hex(2)HexNAc(3)Sulf(1) on T,1431
Hex(2)HexNAc(4) on N,1432
Hex(2)HexNAc(4) on S,1433
Hex(2)HexNAc(4) on T,1434
Hex(2)HexNAc(4)NeuAc(1) on S,1435
Hex(2)HexNAc(4)NeuAc(1) on T,1436
Hex(2)HexNAc(5) on S,1437
Hex(2)HexNAc(5) on T,1438
Hex(2)NeuAc(1) on S,1439
Hex(2)NeuAc(1) on T,1440
Hex(2)Pent(2) on S,1441
Hex(2)Pent(2) on T,1442
Hex(2)Pent(2)Me(1) on S,1443
Hex(2)Pent(2)Me(1) on T,1444
Hex(2)Sulf(1) on S,1445
Hex(2)Sulf(1) on T,1446
Hex(3) on N,1447
Hex(3) on S,1448
Hex(3) on T,1449
Hex(3)HexNAc(1) on N,1450
Hex(3)HexNAc(1) on S,1451
Hex(3)HexNAc(1) on T,1452
Hex(3)HexNAc(1)HexA(1) on S,1453
Hex(3)HexNAc(1)HexA(1) on T,1454
Hex(3)HexNAc(1)Me(1) on S,1455
Hex(3)HexNAc(1)Me(1) on T,1456
Hex(3)HexNAc(1)Pent(1) on N,1457
Hex(3)HexNAc(2) on N,1458
Hex(3)HexNAc(2) on S,1459
Hex(3)HexNAc(2) on T,1460
Hex(3)HexNAc(2)NeuAc(1) on N,1461
Hex(3)HexNAc(2)NeuAc(2) on S,1462
Hex(3)HexNAc(2)NeuAc(2) on T,1463
Hex(3)HexNAc(2)Pent(1) on N,1464
Hex(3)HexNAc(2)Phos(1) on N,1465
Hex(3)HexNAc(3) on N,1466
Hex(3)HexNAc(3) on S,1467
Hex(3)HexNAc(3) on T,1468
Hex(3)HexNAc(3)NeuAc(1) on S,1469
Hex(3)HexNAc(3)NeuAc(1) on T,1470
Hex(3)HexNAc(3)NeuAc(1)Sulf(1) on S,1471
Hex(3)HexNAc(3)NeuAc(1)Sulf(1) on T,1472
Hex(3)HexNAc(3)NeuAc(2) on S,1473
Hex(3)HexNAc(3)NeuAc(2) on T,1474
Hex(3)HexNAc(3)NeuAc(2)Sulf(1) on S,1475
Hex(3)HexNAc(3)NeuAc(2)Sulf(1) on T,1476
Hex(3)HexNAc(3)NeuAc(3) on S,1477
Hex(3)HexNAc(3)NeuAc(3) on T,1478
Hex(3)HexNAc(3)NeuGc(1) on S,1479
Hex(3)HexNAc(3)NeuGc(1) on T,1480
Hex(3)HexNAc(3)NeuGc(1)Sulf(1) on S,1481
Hex(3)HexNAc(3)NeuGc(1)Sulf(1) on T,1482
Hex(3)HexNAc(3)Pent(1) on N,1483
Hex(3)HexNAc(3)Sulf(1) on N,1484
Hex(3)HexNAc(3)Sulf(1) on S,1485
Hex(3)HexNAc(3)Sulf(1) on T,1486
Hex(3)HexNAc(4) on N,1487
Hex(3)HexNAc(4) on S,1488
Hex(3)HexNAc(4) on T,1489
Hex(3)HexNAc(4)NeuAc(1) on N,1490
Hex(3)HexNAc(4)NeuAc(2) on N,1491
Hex(3)HexNAc(4)Pent(1) on N,1492
Hex(3)HexNAc(4)Sulf(1) on N,1493
Hex(3)HexNAc(5) on N,1494
Hex(3)HexNAc(5) on S,1495
Hex(3)HexNAc(5) on T,1496
Hex(3)HexNAc(5)NeuAc(1) on N,1497
Hex(3)HexNAc(5)Sulf(1) on N,1498
Hex(3)HexNAc(6) on N,1499
Hex(3)HexNAc(6) on S,1500
Hex(3)HexNAc(6) on T,1501
Hex(3)HexNAc(6)NeuAc(1) on N,1502
Hex(3)HexNAc(6)Sulf(1) on N,1503
Hex(3)HexNAc(6)Sulf(2) on N,1504
Hex(3)HexNAc(7) on N,1505
Hex(3)HexNAc(7)Sulf(1) on N,1506
Hex(4) on S,1507
Hex(4) on T,1508
Hex(4)HexA(1) on S,1509
Hex(4)HexA(1) on T,1510
Hex(4)HexA(1)HexNAc(1) on S,1511
Hex(4)HexA(1)HexNAc(1) on T,1512
Hex(4)HexNAc(1) on N,1513
Hex(4)HexNAc(1) on S,1514
Hex(4)HexNAc(1) on T,1515
Hex(4)HexNAc(2) on N,1516
Hex(4)HexNAc(2)NeuAc(1) on N,1517
Hex(4)HexNAc(2)NeuAc(1) on S,1518
Hex(4)HexNAc(2)NeuAc(1) on T,1519
Hex(4)HexNAc(2)Pent(1) on N,1520
Hex(4)HexNAc(3) on N,1521
Hex(4)HexNAc(3) on S,1522
Hex(4)HexNAc(3) on T,1523
Hex(4)HexNAc(3)NeuAc(1) on N,1524
Hex(4)HexNAc(3)NeuAc(1) on S,1525
Hex(4)HexNAc(3)NeuAc(1) on T,1526
Hex(4)HexNAc(3)NeuAc(2) on N,1527
Hex(4)HexNAc(3)NeuGc(1) on N,1528
Hex(4)HexNAc(3)Pent(1) on N,1529
Hex(4)HexNAc(4) on N,1530
Hex(4)HexNAc(4) on S,1531
Hex(4)HexNAc(4) on T,1532
Hex(4)HexNAc(4)Me(2)Pent(1) on N,1533
Hex(4)HexNAc(4)NeuAc(1) on N,1534
Hex(4)HexNAc(4)NeuAc(1) on S,1535
Hex(4)HexNAc(4)NeuAc(1) on T,1536
Hex(4)HexNAc(4)NeuAc(1)Sulf(2) on S,1537
Hex(4)HexNAc(4)NeuAc(1)Sulf(2) on T,1538
Hex(4)HexNAc(4)NeuAc(1)Sulf(3) on S,1539
Hex(4)HexNAc(4)NeuAc(1)Sulf(3) on T,1540
Hex(4)HexNAc(4)NeuGc(1) on N,1541
Hex(4)HexNAc(4)NeuGc(1) on S,1542
Hex(4)HexNAc(4)NeuGc(1) on T,1543
Hex(4)HexNAc(4)NeuGc(1)Sulf(2) on S,1544
Hex(4)HexNAc(4)NeuGc(1)Sulf(2) on T,1545
Hex(4)HexNAc(4)Pent(1) on N,1546
Hex(4)HexNAc(4)Sulf(1) on N,1547
Hex(4)HexNAc(4)Sulf(2) on S,1548
Hex(4)HexNAc(4)Sulf(2) on T,1549
Hex(4)HexNAc(5) on N,1550
Hex(4)HexNAc(5)NeuAc(1) on N,1551
Hex(4)HexNAc(5)Sulf(1) on N,1552
Hex(4)HexNAc(6) on N,1553
Hex(4)Phos(1) on S,1554
Hex(4)Phos(1) on T,1555
Hex(5) on S,1556
Hex(5) on T,1557
Hex(5)HexA(1) on S,1558
Hex(5)HexA(1) on T,1559
Hex(5)HexNAc(1) on N,1560
Hex(5)HexNAc(1) on S,1561
Hex(5)HexNAc(1) on T,1562
Hex(5)HexNAc(2) on N,1563
Hex(5)HexNAc(2)Phos(1) on N,1564
Hex(5)HexNAc(3) on N,1565
Hex(5)HexNAc(3)Pent(1) on N,1566
Hex(5)HexNAc(4) on N,1567
Hex(5)HexNAc(4) on S,1568
Hex(5)HexNAc(4) on T,1569
Hex(5)HexNAc(4)Me(2)Pent(1) on N,1570
Hex(5)HexNAc(4)NeuAc(1) on N,1571
Hex(5)HexNAc(4)NeuAc(1)Ac(1) on N,1572
Hex(5)HexNAc(4)NeuAc(1)Ac(2) on N,1573
Hex(5)HexNAc(4)NeuAc(1)Sulf(1) on N,1574
Hex(5)HexNAc(4)NeuAc(2) on N,1575
Hex(5)HexNAc(4)NeuGc(1) on N,1576
Hex(5)HexNAc(4)Sulf(1) on N,1577
Hex(5)HexNAc(5) on N,1578
Hex(5)HexNAc(5) on S,1579
Hex(5)HexNAc(5) on T,1580
Hex(5)Phos(1) on S,1581
Hex(5)Phos(1) on T,1582
Hex(5)Phos(3) on S,1583
Hex(5)Phos(3) on T,1584
Hex(6)HexNAc(1) on N,1585
Hex(6)HexNAc(2) on N,1586
Hex(6)HexNAc(2)Phos(1) on N,1587
Hex(6)HexNAc(3) on N,1588
Hex(6)HexNAc(3)Phos(1) on N,1589
Hex(6)HexNAc(4) on N,1590
Hex(6)HexNAc(4) on S,1591
Hex(6)HexNAc(4) on T,1592
Hex(6)HexNAc(4)Me(3) on N,1593
Hex(6)HexNAc(4)Me(3)Pent(1) on N,1594
Hex(6)HexNAc(5) on N,1595
Hex(6)HexNAc(5)NeuAc(3) on N,1596
Hex(6)Phos(1) on S,1597
Hex(6)Phos(1) on T,1598
Hex(6)Phos(3) on S,1599
Hex(6)Phos(3) on T,1600
Hex(7)HexNAc(1) on N,1601
Hex(7)HexNAc(2) on N,1602
Hex(7)HexNAc(2)Phos(1) on N,1603
Hex(7)HexNAc(2)Phos(2) on N,1604
Hex(7)HexNAc(3) on N,1605
Hex(7)HexNAc(3)Phos(1) on N,1606
Hex(7)HexNAc(4) on N,1607
Hex(7)HexNAc(6) on N,1608
Hex(7)HexNAc(6) on S,1609
Hex(7)HexNAc(6) on T,1610
Hex(7)Phos(3) on S,1611
Hex(7)Phos(3) on T,1612
Hex(8)HexNAc(1) on N,1613
Hex(8)HexNAc(2) on N,1614
Hex(8)Phos(3) on S,1615
Hex(8)Phos(3) on T,1616
Hex(9) on N,1617
Hex(9)HexNAc(1) on N,1618
Hex(9)HexNAc(2) on N,1619
Hex(9)Phos(3) on S,1620
Hex(9)Phos(3) on T,1621
HexA(2)HexNAc(3) on S,1622
HexA(2)HexNAc(3) on T,1623
HexN on K,1624
HexN on N,1625
HexN on S,1626
HexN on T,1627
HexN on W,1628
HexNAc on C,1629
HexNAc on N,1630
HexNAc on S,1631
HexNAc on T,1632
HexNAc(1)dHex(1) on N,1633
HexNAc(1)dHex(1) on S,1634
HexNAc(1)dHex(1) on T,1635
HexNAc(1)dHex(2) on N,1636
HexNAc(1)Kdn(2) on S,1637
HexNAc(1)Kdn(2) on T,1638
HexNAc(1)NeuAc(1) on S,1639
HexNAc(1)NeuAc(1) on T,1640
HexNAc(1)NeuGc(1) on S,1641
HexNAc(1)NeuGc(1) on T,1642
HexNAc(1)NeuGc(2) on S,1643
HexNAc(1)NeuGc(2) on T,1644
HexNAc(2) on N,1645
HexNAc(2) on S,1646
HexNAc(2) on T,1647
HexNAc(2)dHex(1) on N,1648
HexNAc(2)dHex(2) on N,1649
HexNAc(2)NeuAc(1) on S,1650
HexNAc(2)NeuAc(1) on T,1651
HexNAc(2)NeuAc(1)Sulf(1) on S,1652
HexNAc(2)NeuAc(1)Sulf(1) on T,1653
HexNAc(2)NeuGc(1) on S,1654
HexNAc(2)NeuGc(1) on T,1655
HexNAc(2)Sulf(1) on S,1656
HexNAc(2)Sulf(1) on T,1657
HexNAc(3) on S,1658
HexNAc(3) on T,1659
HexNAc(3)Sulf(1) on S,1660
HexNAc(3)Sulf(1) on T,1661
HexNAc(4) on S,1662
HexNAc(4) on T,1663
HexNAc(5) on S,1664
HexNAc(5) on T,1665
His+O(2) on H,1666
His->Ala on H,1667
His->Arg on H,1668
His->Asn on H,1669
His->Asp on H,1670
His->Cys on H,1671
His->Gln on H,1672
His->Glu on H,1673
His->Gly on H,1674
His->Lys on H,1675
His->Met on H,1676
His->Phe on H,1677
His->Pro on H,1678
His->Ser on H,1679
His->Thr on H,1680
His->Trp on H,1681
His->Tyr on H,1682
His->Val on H,1683
His->Xle on H,1684
HMVK on C,1685
HN2_mustard on C,1686
HN2_mustard on H,1687
HN2_mustard on K,1688
HN3_mustard on C,1689
HN3_mustard on H,1690
HN3_mustard on K,1691
HNE on A,1692
HNE on C,1693
HNE on H,1694
HNE on K,1695
HNE on L,1696
HNE+Delta:H(2) on C,1697
HNE+Delta:H(2) on H,1698
HNE+Delta:H(2) on K,1699
HNE-BAHAH on C,1700
HNE-BAHAH on H,1701
HNE-BAHAH on K,1702
HNE-Delta:H(2)O on C,1703
HNE-Delta:H(2)O on H,1704
HNE-Delta:H(2)O on K,1705
Homocysteic_acid on M,1706
HPG on R,1707
Hydroxamic_acid on D,1708
Hydroxamic_acid on E,1709
Hydroxycinnamyl on C,1710
Hydroxyfarnesyl on C,1711
Hydroxyheme on E,1712
hydroxyisobutyryl on K,1713
Hydroxymethyl on N,1714
HydroxymethylOP on K,1715
Hydroxytrimethyl on K,1716
Hypusine on K,1717
IASD on C,1718
IBTP on C,1719
ICAT-C on C,1720
ICAT-C:13C(9) on C,1721
ICAT-D on C,1722
ICAT-D:2H(8) on C,1723
ICAT-G on C,1724
ICAT-G:2H(8) on C,1725
ICAT-H on C,1726
ICAT-H:13C(6) on C,1727
ICDID on C,1728
ICDID:2H(6) on C,1729
ICPL on K,1730
ICPL on X,1731
ICPL:13C(6) on K,1732
ICPL:13C(6) on X,1733
ICPL:13C(6)2H(4) on K,1734
ICPL:13C(6)2H(4) on X,1735
ICPL:2H(4) on K,1736
ICPL:2H(4) on X,1737
IDEnT on C,1738
IED-Biotin on C,1739
IGBP on C,1740
IGBP:13C(2) on C,1741
IMEHex(2)NeuAc(1) on K,1742
IMID on K,1743
IMID:2H(4) on K,1744
Iminobiotin on K,1745
Iminobiotin on X,1746
Iodo on H,1747
Iodo on Y,1748
Iodoacetanilide on C,1749
Iodoacetanilide on K,1750
Iodoacetanilide on X,1751
Iodoacetanilide:13C(6) on C,1752
Iodoacetanilide:13C(6) on K,1753
Iodoacetanilide:13C(6) on X,1754
iodoTMT on C,1755
iodoTMT on D,1756
iodoTMT on E,1757
iodoTMT on H,1758
iodoTMT on K,1759
iodoTMT6plex on C,1760
iodoTMT6plex on D,1761
iodoTMT6plex on E,1762
iodoTMT6plex on H,1763
iodoTMT6plex on K,1764
IodoU-AMP on F,1765
IodoU-AMP on W,1766
IodoU-AMP on Y,1767
ISD_z+2_ion on X,1768
Isopropylphospho on S,1769
Isopropylphospho on T,1770
Isopropylphospho on Y,1771
iTRAQ4plex on C,1772
iTRAQ4plex on H,1773
iTRAQ4plex on K,1774
iTRAQ4plex on S,1775
iTRAQ4plex on T,1776
iTRAQ4plex on X,1777
iTRAQ4plex on Y,1778
iTRAQ4plex114 on C,1779
iTRAQ4plex114 on K,1780
iTRAQ4plex114 on X,1781
iTRAQ4plex114 on Y,1782
iTRAQ4plex115 on C,1783
iTRAQ4plex115 on K,1784
iTRAQ4plex115 on X,1785
iTRAQ4plex115 on Y,1786
iTRAQ8plex on C,1787
iTRAQ8plex on H,1788
iTRAQ8plex on K,1789
iTRAQ8plex on S,1790
iTRAQ8plex on T,1791
iTRAQ8plex on X,1792
iTRAQ8plex on Y,1793
iTRAQ8plex:13C(6)15N(2) on C,1794
iTRAQ8plex:13C(6)15N(2) on K,1795
iTRAQ8plex:13C(6)15N(2) on X,1796
iTRAQ8plex:13C(6)15N(2) on Y,1797
Label:13C(1)2H(3) on M,1798
Label:13C(1)2H(3)+Oxidation on M,1799
Label:13C(2)15N(2) on K,1800
Label:13C(3) on A,1801
Label:13C(3)15N(1) on A,1802
Label:13C(3)15N(1) on S,1803
Label:13C(4) on M,1804
Label:13C(4)+Oxidation on M,1805
Label:13C(4)15N(1) on D,1806
Label:13C(4)15N(2)+GG on K,1807
Label:13C(5) on P,1808
Label:13C(5)15N(1) on E,1809
Label:13C(5)15N(1) on M,1810
Label:13C(5)15N(1) on P,1811
Label:13C(5)15N(1) on V,1812
Label:13C(6) on I,1813
Label:13C(6) on K,1814
Label:13C(6) on L,1815
Label:13C(6) on R,1816
Label:13C(6)+Acetyl on K,1817
Label:13C(6)+Dimethyl on K,1818
Label:13C(6)+GG on K,1819
Label:13C(6)15N(1) on I,1820
Label:13C(6)15N(1) on L,1821
Label:13C(6)15N(2) on K,1822
Label:13C(6)15N(2)+Acetyl on K,1823
Label:13C(6)15N(2)+Dimethyl on K,1824
Label:13C(6)15N(2)+GG on K,1825
Label:13C(6)15N(4) on R,1826
Label:13C(6)15N(4)+Dimethyl on R,1827
Label:13C(6)15N(4)+Dimethyl:2H(6)13C(2) on R,1828
Label:13C(6)15N(4)+Methyl on R,1829
Label:13C(6)15N(4)+Methyl:2H(3)13C(1) on R,1830
Label:13C(9) on F,1831
Label:13C(9) on Y,1832
Label:13C(9)+Phospho on Y,1833
Label:13C(9)15N(1) on F,1834
Label:15N(1) on A,1835
Label:15N(1) on C,1836
Label:15N(1) on D,1837
Label:15N(1) on E,1838
Label:15N(1) on F,1839
Label:15N(1) on G,1840
Label:15N(1) on I,1841
Label:15N(1) on L,1842
Label:15N(1) on M,1843
Label:15N(1) on P,1844
Label:15N(1) on S,1845
Label:15N(1) on T,1846
Label:15N(1) on V,1847
Label:15N(1) on Y,1848
Label:15N(2) on K,1849
Label:15N(2) on N,1850
Label:15N(2) on Q,1851
Label:15N(2) on W,1852
Label:15N(2)2H(9) on K,1853
Label:15N(3) on H,1854
Label:15N(4) on R,1855
Label:18O(1) on S,1856
Label:18O(1) on T,1857
Label:18O(1) on X,1858
Label:18O(1) on Y,1859
Label:18O(2) on X,1860
Label:2H(10) on L,1861
Label:2H(3) on L,1862
Label:2H(3) on M,1863
Label:2H(3)+Oxidation on M,1864
Label:2H(4) on A,1865
Label:2H(4) on F,1866
Label:2H(4) on K,1867
Label:2H(4) on U,1868
Label:2H(4) on Y,1869
Label:2H(4)+Acetyl on K,1870
Label:2H(4)+GG on K,1871
Label:2H(4)13C(1) on R,1872
Label:2H(6)15N(1) on P,1873
Label:2H(7)15N(4) on R,1874
Label:2H(9)13C(6)15N(2) on K,1875
lapachenole on C,1876
Leu->MetOx on L,1877
LG-anhydrolactam on K,1878
LG-anhydrolactam on X,1879
LG-anhyropyrrole on K,1880
LG-anhyropyrrole on X,1881
LG-Hlactam-K on K,1882
LG-Hlactam-K on X,1883
LG-Hlactam-R on R,1884
LG-lactam-K on K,1885
LG-lactam-K on X,1886
LG-lactam-R on R,1887
L-Gln on D,1888
L-Gln on E,1889
LG-pyrrole on C,1890
LG-pyrrole on K,1891
LG-pyrrole on X,1892
Lipoyl on K,1893
LRGG on K,1894
LRGG+dimethyl on K,1895
LRGG+methyl on K,1896
LTX+Lophotoxin on Y,1897
Lys on X,1898
Lys+O(2) on H,1899
Lys->Ala on K,1900
Lys->Allysine on K,1901
Lys->AminoadipicAcid on K,1902
Lys->Arg on K,1903
Lys->Asn on K,1904
Lys->Asp on K,1905
Lys->CamCys on K,1906
Lys->Cys on K,1907
Lys->Gln on K,1908
Lys->Glu on K,1909
Lys->Gly on K,1910
Lys->His on K,1911
Lys->Met on K,1912
Lys->MetOx on K,1913
Lys->Phe on K,1914
Lys->Pro on K,1915
Lys->Ser on K,1916
Lys->Thr on K,1917
Lys->Trp on K,1918
Lys->Tyr on K,1919
Lys->Val on K,1920
Lys->Xle on K,1921
Lysbiotinhydrazide on K,1922
Lys-loss on K,1923
maleimide on C,1924
maleimide on K,1925
maleimide3 on C,1926
maleimide3 on K,1927
maleimide5 on C,1928
maleimide5 on K,1929
Maleimide-PEO2-Biotin on C,1930
Malonyl on C,1931
Malonyl on K,1932
Malonyl on S,1933
MBS+peptide on C,1934
MDCC on C,1935
MeMePhosphorothioate on S,1936
Menadione on C,1937
Menadione on K,1938
Menadione-HQ on C,1939
Menadione-HQ on K,1940
MercaptoEthanol on S,1941
MercaptoEthanol on T,1942
MesitylOxide on H,1943
MesitylOxide on K,1944
MesitylOxide on X,1945
Met+O(2) on H,1946
Met->Aha on M,1947
Met->Ala on M,1948
Met->Arg on M,1949
Met->Asn on M,1950
Met->Asp on M,1951
Met->AspSA on M,1952
Met->Cys on M,1953
Met->Gln on M,1954
Met->Glu on M,1955
Met->Gly on M,1956
Met->His on M,1957
Met->Hpg on M,1958
Met->Hse on M,1959
Met->Hsl on M,1960
Met->Lys on M,1961
Met->Phe on M,1962
Met->Pro on M,1963
Met->Ser on M,1964
Met->Thr on M,1965
Met->Trp on M,1966
Met->Tyr on M,1967
Met->Val on M,1968
Met->Xle on M,1969
Methamidophos-O on C,1970
Methamidophos-O on H,1971
Methamidophos-O on K,1972
Methamidophos-O on S,1973
Methamidophos-O on T,1974
Methamidophos-O on Y,1975
Methamidophos-S on C,1976
Methamidophos-S on H,1977
Methamidophos-S on K,1978
Methamidophos-S on S,1979
Methamidophos-S on T,1980
Methamidophos-S on Y,1981
Methyl on C,1982
Methyl on D,1983
Methyl on E,1984
Methyl on H,1985
Methyl on I,1986
Methyl on K,1987
Methyl on L,1988
Methyl on N,1989
Methyl on Q,1990
Methyl on R,1991
Methyl on S,1992
Methyl on T,1993
Methyl on X,1994
Methyl:2H(2) on K,1995
Methyl:2H(2) on X,1996
Methyl:2H(3) on D,1997
Methyl:2H(3) on E,1998
Methyl:2H(3) on K,1999
Methyl:2H(3) on R,2000
Methyl:2H(3) on X,2001
Methyl:2H(3)+Acetyl:2H(3) on K,2002
Methyl:2H(3)13C(1) on K,2003
Methyl:2H(3)13C(1) on R,2004
Methyl:2H(3)13C(1) on X,2005
Methyl+Acetyl:2H(3) on K,2006
Methyl+Deamidated on N,2007
Methyl+Deamidated on Q,2008
Methylamine on S,2009
Methylamine on T,2010
Methylmalonylation on S,2011
methylol on K,2012
methylol on W,2013
methylol on Y,2014
Methyl-PEO12-Maleimide on C,2015
Methylphosphonate on S,2016
Methylphosphonate on T,2017
Methylphosphonate on Y,2018
Methylpyrroline on K,2019
methylsulfonylethyl on C,2020
methylsulfonylethyl on H,2021
methylsulfonylethyl on K,2022
Methylthio on C,2023
Methylthio on D,2024
Methylthio on K,2025
Methylthio on N,2026
Methylthio on X,2027
Met-loss on M,2028
Met-loss+Acetyl on M,2029
MG-H1 on R,2030
Microcin on X,2031
MicrocinC7 on X,2032
MM-diphenylpentanone on C,2033
Molybdopterin on C,2034
MolybdopterinGD on C,2035
MolybdopterinGD on D,2036
MolybdopterinGD on U,2037
MolybdopterinGD+Delta:S(-1)Se(1) on C,2038
Mono_N?-propargyl-L-Gln_desthiobiotin on C,2039
monomethylphosphothione on C,2040
monomethylphosphothione on H,2041
monomethylphosphothione on K,2042
monomethylphosphothione on S,2043
monomethylphosphothione on T,2044
monomethylphosphothione on Y,2045
mTRAQ on H,2046
mTRAQ on K,2047
mTRAQ on S,2048
mTRAQ on T,2049
mTRAQ on X,2050
mTRAQ on Y,2051
mTRAQ:13C(3)15N(1) on H,2052
mTRAQ:13C(3)15N(1) on K,2053
mTRAQ:13C(3)15N(1) on S,2054
mTRAQ:13C(3)15N(1) on T,2055
mTRAQ:13C(3)15N(1) on X,2056
mTRAQ:13C(3)15N(1) on Y,2057
mTRAQ:13C(6)15N(2) on H,2058
mTRAQ:13C(6)15N(2) on K,2059
mTRAQ:13C(6)15N(2) on S,2060
mTRAQ:13C(6)15N(2) on T,2061
mTRAQ:13C(6)15N(2) on X,2062
mTRAQ:13C(6)15N(2) on Y,2063
MTSL on C,2064
MurNAc on A,2065
Myristoleyl on G,2066
Myristoyl on C,2067
Myristoyl on G,2068
Myristoyl on K,2069
Myristoyl+Delta:H(-4) on G,2070
N6pAMP on S,2071
N6pAMP on T,2072
N6pAMP on Y,2073
NA-LNO2 on C,2074
NA-LNO2 on H,2075
NA-OA-NO2 on C,2076
NA-OA-NO2 on H,2077
NBF on C,2078
NBF on K,2079
NBF on R,2080
NBS on W,2081
NBS:13C(6) on W,2082
NDA on K,2083
NDA on X,2084
N-dimethylphosphate on S,2085
NEIAA on C,2086
NEIAA on Y,2087
NEIAA:2H(5) on C,2088
NEIAA:2H(5) on Y,2089
NEM:2H(5) on C,2090
NEM:2H(5)+H2O on C,2091
NEMsulfur on C,2092
NEMsulfurWater on C,2093
Nethylmaleimide on C,2094
Nethylmaleimide+water on C,2095
Nethylmaleimide+water on K,2096
NeuAc on N,2097
NeuAc on S,2098
NeuAc on T,2099
NeuGc on N,2100
NeuGc on S,2101
NeuGc on T,2102
NHS-fluorescein on K,2103
NHS-LC-Biotin on K,2104
NHS-LC-Biotin on X,2105
NIC on K,2106
NIC on X,2107
NIPCAM on C,2108
Nitrene on Y,2109
Nitro on F,2110
Nitro on W,2111
Nitro on Y,2112
Nitrosyl on C,2113
Nitrosyl on Y,2114
Nmethylmaleimide on C,2115
Nmethylmaleimide on K,2116
Nmethylmaleimide+water on C,2117
NO_SMX_SEMD on C,2118
NO_SMX_SIMD on C,2119
NP40 on X,2120
NQIGG on K,2121
NQTGG on K,2122
Octanoyl on C,2123
Octanoyl on S,2124
Octanoyl on T,2125
O-Dimethylphosphate on S,2126
O-Dimethylphosphate on T,2127
O-Dimethylphosphate on Y,2128
O-Et-N-diMePhospho on S,2129
O-Isopropylmethylphosphonate on S,2130
O-Isopropylmethylphosphonate on T,2131
O-Isopropylmethylphosphonate on Y,2132
O-Methylphosphate on S,2133
O-Methylphosphate on T,2134
O-Methylphosphate on Y,2135
O-pinacolylmethylphosphonate on H,2136
O-pinacolylmethylphosphonate on K,2137
O-pinacolylmethylphosphonate on S,2138
O-pinacolylmethylphosphonate on T,2139
O-pinacolylmethylphosphonate on Y,2140
OxArgBiotin on R,2141
OxArgBiotinRed on R,2142
Oxidation on C,2143
Oxidation on D,2144
Oxidation on E,2145
Oxidation on F,2146
Oxidation on G,2147
Oxidation on H,2148
Oxidation on I,2149
Oxidation on K,2150
Oxidation on L,2151
Oxidation on M,2152
Oxidation on N,2153
Oxidation on P,2154
Oxidation on Q,2155
Oxidation on R,2156
Oxidation on S,2157
Oxidation on T,2158
Oxidation on U,2159
Oxidation on V,2160
Oxidation on W,2161
Oxidation on Y,2162
Oxidation+NEM on C,2163
OxLysBiotin on K,2164
OxLysBiotinRed on K,2165
OxProBiotin on P,2166
OxProBiotinRed on P,2167
Palmitoleyl on C,2168
Palmitoleyl on S,2169
Palmitoleyl on T,2170
Palmitoyl on C,2171
Palmitoyl on K,2172
Palmitoyl on S,2173
Palmitoyl on T,2174
Palmitoyl on X,2175
PEITC on C,2176
PEITC on K,2177
PEITC on X,2178
Pent(1)HexNAc(1) on S,2179
Pent(1)HexNAc(1) on T,2180
Pent(2) on S,2181
Pent(2) on T,2182
Pentose on S,2183
Pentose on T,2184
Pentylamine on Q,2185
PEO-Iodoacetyl-LC-Biotin on C,2186
PET on S,2187
PET on T,2188
Phe->Ala on F,2189
Phe->Arg on F,2190
Phe->Asn on F,2191
Phe->Asp on F,2192
Phe->CamCys on F,2193
Phe->Cys on F,2194
Phe->Gln on F,2195
Phe->Glu on F,2196
Phe->Gly on F,2197
Phe->His on F,2198
Phe->Lys on F,2199
Phe->Met on F,2200
Phe->Pro on F,2201
Phe->Ser on F,2202
Phe->Thr on F,2203
Phe->Trp on F,2204
Phe->Tyr on F,2205
Phe->Val on F,2206
Phe->Xle on F,2207
Phenylisocyanate on X,2208
Phenylisocyanate:2H(5) on X,2209
phenyl-phosphate on K,2210
phenyl-phosphate on S,2211
phenyl-phosphate on T,2212
phenyl-phosphate on Y,2213
phenylsulfonylethyl on C,2214
Phospho on C,2215
Phospho on D,2216
Phospho on E,2217
Phospho on H,2218
Phospho on K,2219
Phospho on R,2220
Phospho on S,2221
Phospho on T,2222
Phospho on Y,2223
Phosphoadenosine on H,2224
Phosphoadenosine on K,2225
Phosphoadenosine on S,2226
Phosphoadenosine on T,2227
Phosphoadenosine on Y,2228
PhosphoCytidine on S,2229
PhosphoCytidine on T,2230
PhosphoCytidine on Y,2231
Phosphogluconoylation on K,2232
Phosphogluconoylation on X,2233
Phosphoguanosine on H,2234
Phosphoguanosine on K,2235
PhosphoHex on S,2236
PhosphoHex on T,2237
PhosphoHex(2) on N,2238
PhosphoHex(2) on S,2239
PhosphoHex(2) on T,2240
PhosphoHexNAc on S,2241
PhosphoHexNAc on T,2242
Phosphopantetheine on S,2243
Phosphopropargyl on S,2244
Phosphopropargyl on T,2245
Phosphopropargyl on Y,2246
phosphoRibosyl on D,2247
phosphoRibosyl on E,2248
phosphoRibosyl on R,2249
PhosphoribosyldephosphoCoA on S,2250
PhosphoUridine on H,2251
PhosphoUridine on Y,2252
Phycocyanobilin on C,2253
Phycoerythrobilin on C,2254
Phytochromobilin on C,2255
Piperidine on K,2256
Piperidine on X,2257
pRBS-ID_4-thiouridine on F,2258
pRBS-ID_6-thioguanosine on W,2259
Pro+O(2) on H,2260
Pro->Ala on P,2261
Pro->Arg on P,2262
Pro->Asn on P,2263
Pro->Asp on P,2264
Pro->Cys on P,2265
Pro->Gln on P,2266
Pro->Glu on P,2267
Pro->Gly on P,2268
Pro->HAVA on P,2269
Pro->His on P,2270
Pro->Lys on P,2271
Pro->Met on P,2272
Pro->Phe on P,2273
Pro->pyro-Glu on P,2274
Pro->Pyrrolidinone on P,2275
Pro->Pyrrolidone on P,2276
Pro->Ser on P,2277
Pro->Thr on P,2278
Pro->Trp on P,2279
Pro->Tyr on P,2280
Pro->Val on P,2281
Pro->Xle on P,2282
probiotinhydrazide on P,2283
Propargylamine on D,2284
Propargylamine on E,2285
Propargylamine on X,2286
Propionamide on C,2287
Propionamide on K,2288
Propionamide on X,2289
Propionamide:2H(3) on C,2290
Propionyl on K,2291
Propionyl on S,2292
Propionyl on T,2293
Propionyl on X,2294
Propionyl:13C(3) on K,2295
Propionyl:13C(3) on X,2296
Propiophenone on C,2297
Propiophenone on H,2298
Propiophenone on K,2299
Propiophenone on R,2300
Propiophenone on S,2301
Propiophenone on T,2302
Propiophenone on W,2303
Propyl on D,2304
Propyl on E,2305
Propyl on K,2306
Propyl on X,2307
Propyl:2H(6) on K,2308
Propyl:2H(6) on X,2309
PropylNAGthiazoline on C,2310
PS_Hapten on C,2311
PS_Hapten on H,2312
PS_Hapten on K,2313
pupylation on K,2314
Puromycin on X,2315
PyMIC on X,2316
PyridoxalPhosphate on K,2317
PyridoxalPhosphateH2 on K,2318
Pyridylacetyl on K,2319
Pyridylacetyl on X,2320
Pyridylethyl on C,2321
Pyro-carbamidomethyl on C,2322
pyrophospho on S,2323
pyrophospho on T,2324
Pyro-QQTGG on K,2325
PyruvicAcidIminyl on C,2326
PyruvicAcidIminyl on K,2327
PyruvicAcidIminyl on V,2328
QAT on C,2329
QAT:2H(3) on C,2330
QEQTGG on K,2331
QQQTGG on K,2332
QQTGG on K,2333
QTGG on K,2334
Quinone on W,2335
Quinone on Y,2336
RBS-ID_Uridine on Y,2337
Retinylidene on K,2338
RNPXL on K,2339
RNPXL on R,2340
Saligenin on H,2341
Saligenin on K,2342
Ser/Thr-KDO on S,2343
Ser/Thr-KDO on T,2344
Ser->Ala on S,2345
Ser->Arg on S,2346
Ser->Asn on S,2347
Ser->Asp on S,2348
Ser->Cys on S,2349
Ser->Gln on S,2350
Ser->Glu on S,2351
Ser->Gly on S,2352
Ser->His on S,2353
Ser->LacticAcid on S,2354
Ser->Lys on S,2355
Ser->Met on S,2356
Ser->Phe on S,2357
Ser->Pro on S,2358
Ser->Thr on S,2359
Ser->Trp on S,2360
Ser->Tyr on S,2361
Ser->Val on S,2362
Ser->Xle on S,2363
serotonylation on Q,2364
s-GlcNAc on S,2365
s-GlcNAc on T,2366
shTMT on K,2367
shTMT on X,2368
shTMTpro on K,2369
shTMTpro on X,2370
SMA on K,2371
SMA on X,2372
spermidine on Q,2373
spermine on Q,2374
SPITC on K,2375
SPITC on X,2376
SPITC:13C(6) on K,2377
SPITC:13C(6) on X,2378
Succinyl on K,2379
Succinyl on X,2380
Succinyl:13C(4) on K,2381
Succinyl:13C(4) on X,2382
Succinyl:2H(4) on K,2383
Succinyl:2H(4) on X,2384
SulfanilicAcid on D,2385
SulfanilicAcid on E,2386
SulfanilicAcid on X,2387
SulfanilicAcid:13C(6) on D,2388
SulfanilicAcid:13C(6) on E,2389
SulfanilicAcid:13C(6) on X,2390
Sulfide on C,2391
Sulfide on D,2392
Sulfide on W,2393
Sulfo on C,2394
Sulfo on S,2395
Sulfo on T,2396
Sulfo on Y,2397
sulfo+amino on Y,2398
SulfoGMBS on C,2399
Sulfo-NHS-LC-LC-Biotin on K,2400
Sulfo-NHS-LC-LC-Biotin on X,2401
SulfurDioxide on C,2402
SUMO2135 on K,2403
SUMO3549 on K,2404
TAMRA-FP on S,2405
TAMRA-FP on Y,2406
Thiadiazole on C,2407
Thiazolidine on C,2408
Thiazolidine on F,2409
Thiazolidine on H,2410
Thiazolidine on K,2411
Thiazolidine on R,2412
Thiazolidine on W,2413
Thiazolidine on X,2414
Thiazolidine on Y,2415
thioacylPA on K,2416
Thiophospho on S,2417
Thiophospho on T,2418
Thiophospho on Y,2419
Thiophos-S-S-biotin on S,2420
Thiophos-S-S-biotin on T,2421
Thiophos-S-S-biotin on Y,2422
Thr->Ala on T,2423
Thr->Arg on T,2424
Thr->Asn on T,2425
Thr->Asp on T,2426
Thr->Cys on T,2427
Thr->Gln on T,2428
Thr->Glu on T,2429
Thr->Gly on T,2430
Thr->His on T,2431
Thr->Lys on T,2432
Thr->Met on T,2433
Thr->Phe on T,2434
Thr->Pro on T,2435
Thr->Ser on T,2436
Thr->Trp on T,2437
Thr->Tyr on T,2438
Thr->Val on T,2439
Thr->Xle on T,2440
Thrbiotinhydrazide on T,2441
Thyroxine on Y,2442
TMAB on K,2443
TMAB on X,2444
TMAB:2H(9) on K,2445
TMAB:2H(9) on X,2446
TMPP-Ac on K,2447
TMPP-Ac on X,2448
TMPP-Ac on Y,2449
TMPP-Ac:13C(9) on K,2450
TMPP-Ac:13C(9) on X,2451
TMPP-Ac:13C(9) on Y,2452
TMT on H,2453
TMT on K,2454
TMT on S,2455
TMT on T,2456
TMT on X,2457
TMT2plex on H,2458
TMT2plex on K,2459
TMT2plex on S,2460
TMT2plex on T,2461
TMT2plex on X,2462
TMT6plex on H,2463
TMT6plex on K,2464
TMT6plex on S,2465
TMT6plex on T,2466
TMT6plex on X,2467
TMTpro on H,2468
TMTpro on K,2469
TMTpro on S,2470
TMTpro on T,2471
TMTpro on X,2472
TMTpro_zero on H,2473
TMTpro_zero on K,2474
TMTpro_zero on S,2475
TMTpro_zero on T,2476
TMTpro_zero on X,2477
TNBS on K,2478
TNBS on X,2479
trifluoro on L,2480
Triiodo on Y,2481
Triiodothyronine on Y,2482
Trimethyl on A,2483
Trimethyl on K,2484
Trimethyl on R,2485
Trimethyl:13C(3)2H(9) on K,2486
Trimethyl:13C(3)2H(9) on R,2487
Trimethyl:2H(9) on K,2488
Trimethyl:2H(9) on R,2489
Trioxidation on C,2490
Trioxidation on F,2491
Trioxidation on W,2492
Trioxidation on Y,2493
Tripalmitate on C,2494
Tris on N,2495
Triton on X,2496
Trp->Ala on W,2497
Trp->Arg on W,2498
Trp->Asn on W,2499
Trp->Asp on W,2500
Trp->Cys on W,2501
Trp->Gln on W,2502
Trp->Glu on W,2503
Trp->Gly on W,2504
Trp->His on W,2505
Trp->Hydroxykynurenin on W,2506
Trp->Kynurenin on W,2507
Trp->Lys on W,2508
Trp->Met on W,2509
Trp->Oxolactone on W,2510
Trp->Phe on W,2511
Trp->Pro on W,2512
Trp->Ser on W,2513
Trp->Thr on W,2514
Trp->Tyr on W,2515
Trp->Val on W,2516
Trp->Xle on W,2517
Tween20 on X,2518
Tween80 on X,2519
Tyr->Ala on Y,2520
Tyr->Arg on Y,2521
Tyr->Asn on Y,2522
Tyr->Asp on Y,2523
Tyr->Cys on Y,2524
Tyr->Dha on Y,2525
Tyr->Gln on Y,2526
Tyr->Glu on Y,2527
Tyr->Gly on Y,2528
Tyr->His on Y,2529
Tyr->Lys on Y,2530
Tyr->Met on Y,2531
Tyr->Phe on Y,2532
Tyr->Pro on Y,2533
Tyr->Ser on Y,2534
Tyr->Thr on Y,2535
Tyr->Trp on Y,2536
Tyr->Val on Y,2537
Tyr->Xle on Y,2538
Ub-Br2 on C,2539
Ub-fluorescein on C,2540
Ub-VME on C,2541
UgiJoullie on D,2542
UgiJoullie on E,2543
UgiJoullieProGly on D,2544
UgiJoullieProGly on E,2545
UgiJoullieProGlyProGly on D,2546
UgiJoullieProGlyProGly on E,2547
Unknown:162 on D,2548
Unknown:162 on E,2549
Unknown:162 on X,2550
Unknown:177 on D,2551
Unknown:177 on E,2552
Unknown:177 on X,2553
Unknown:210 on D,2554
Unknown:210 on E,2555
Unknown:210 on X,2556
Unknown:216 on D,2557
Unknown:216 on E,2558
Unknown:216 on X,2559
Unknown:234 on D,2560
Unknown:234 on E,2561
Unknown:234 on X,2562
Unknown:248 on D,2563
Unknown:248 on E,2564
Unknown:248 on X,2565
Unknown:250 on D,2566
Unknown:250 on E,2567
Unknown:250 on X,2568
Unknown:302 on D,2569
Unknown:302 on E,2570
Unknown:302 on X,2571
Unknown:306 on D,2572
Unknown:306 on E,2573
Unknown:306 on X,2574
Unknown:420 on X,2575
Val->Ala on V,2576
Val->Arg on V,2577
Val->Asn on V,2578
Val->Asp on V,2579
Val->Cys on V,2580
Val->Gln on V,2581
Val->Glu on V,2582
Val->Gly on V,2583
Val->His on V,2584
Val->Lys on V,2585
Val->Met on V,2586
Val->Phe on V,2587
Val->Pro on V,2588
Val->Ser on V,2589
Val->Thr on V,2590
Val->Trp on V,2591
Val->Tyr on V,2592
Val->Xle on V,2593
VFQQQTGG on K,2594
VIEVYQEQTGG on K,2595
Withaferin on C,2596
Xle->Ala on I,2597
Xle->Ala on L,2598
Xle->Arg on I,2599
Xle->Arg on L,2600
Xle->Asn on I,2601
Xle->Asn on L,2602
Xle->Asp on I,2603
Xle->Asp on L,2604
Xle->Cys on I,2605
Xle->Cys on L,2606
Xle->Gln on I,2607
Xle->Gln on L,2608
Xle->Glu on I,2609
Xle->Glu on L,2610
Xle->Gly on I,2611
Xle->Gly on L,2612
Xle->His on I,2613
Xle->His on L,2614
Xle->Lys on I,2615
Xle->Lys on L,2616
Xle->Met on I,2617
Xle->Met on L,2618
Xle->Phe on I,2619
Xle->Phe on L,2620
Xle->Pro on I,2621
Xle->Pro on L,2622
Xle->Ser on I,2623
Xle->Ser on L,2624
Xle->Thr on I,2625
Xle->Thr on L,2626
Xle->Trp on I,2627
Xle->Trp on L,2628
Xle->Tyr on I,2629
Xle->Tyr on L,2630
Xle->Val on I,2631
Xle->Val on L,2632
Xlink:B10621 on C,2633
Xlink:BMOE on C,2634
Xlink:BS2G[113] on K,2635
Xlink:BS2G[113] on X,2636
Xlink:BS2G[114] on K,2637
Xlink:BS2G[114] on X,2638
Xlink:BS2G[217] on K,2639
Xlink:BS2G[217] on X,2640
Xlink:BS2G[96] on K,2641
Xlink:BS2G[96] on X,2642
Xlink:BuUrBu[111] on K,2643
Xlink:BuUrBu[111] on X,2644
Xlink:BuUrBu[196] on K,2645
Xlink:BuUrBu[196] on X,2646
Xlink:BuUrBu[213] on K,2647
Xlink:BuUrBu[213] on X,2648
Xlink:BuUrBu[214] on K,2649
Xlink:BuUrBu[214] on X,2650
Xlink:BuUrBu[317] on K,2651
Xlink:BuUrBu[317] on X,2652
Xlink:BuUrBu[85] on K,2653
Xlink:BuUrBu[85] on X,2654
Xlink:DFDNB on K,2655
Xlink:DFDNB on N,2656
Xlink:DFDNB on Q,2657
Xlink:DFDNB on R,2658
Xlink:DMP[122] on K,2659
Xlink:DMP[122] on X,2660
Xlink:DMP[139] on K,2661
Xlink:DMP[139] on X,2662
Xlink:DMP[140] on K,2663
Xlink:DMP[140] on X,2664
Xlink:DMP[154] on K,2665
Xlink:DMP[154] on X,2666
Xlink:DSPP[210] on K,2667
Xlink:DSPP[210] on X,2668
Xlink:DSPP[226] on K,2669
Xlink:DSPP[226] on X,2670
Xlink:DSPP[228] on K,2671
Xlink:DSPP[228] on X,2672
Xlink:DSPP[331] on K,2673
Xlink:DSPP[331] on X,2674
Xlink:DSS[138] on K,2675
Xlink:DSS[138] on X,2676
Xlink:DSS[155] on K,2677
Xlink:DSS[155] on X,2678
Xlink:DSS[156] on K,2679
Xlink:DSS[156] on X,2680
Xlink:DSS[259] on K,2681
Xlink:DSS[259] on X,2682
Xlink:DSSO[104] on K,2683
Xlink:DSSO[104] on X,2684
Xlink:DSSO[158] on K,2685
Xlink:DSSO[158] on X,2686
Xlink:DSSO[175] on K,2687
Xlink:DSSO[175] on X,2688
Xlink:DSSO[176] on K,2689
Xlink:DSSO[176] on X,2690
Xlink:DSSO[279] on K,2691
Xlink:DSSO[279] on X,2692
Xlink:DSSO[54] on K,2693
Xlink:DSSO[54] on X,2694
Xlink:DSSO[86] on K,2695
Xlink:DSSO[86] on X,2696
Xlink:DST[114] on K,2697
Xlink:DST[114] on X,2698
Xlink:DST[132] on K,2699
Xlink:DST[132] on X,2700
Xlink:DST[56] on K,2701
Xlink:DST[56] on X,2702
Xlink:DTBP[172] on K,2703
Xlink:DTBP[172] on X,2704
Xlink:DTBP[87] on K,2705
Xlink:DTBP[87] on X,2706
Xlink:DTSSP[174] on K,2707
Xlink:DTSSP[174] on X,2708
Xlink:DTSSP[192] on K,2709
Xlink:DTSSP[192] on X,2710
Xlink:DTSSP[88] on K,2711
Xlink:DTSSP[88] on X,2712
Xlink:EGS[115] on K,2713
Xlink:EGS[115] on X,2714
Xlink:EGS[226] on K,2715
Xlink:EGS[226] on X,2716
Xlink:EGS[244] on K,2717
Xlink:EGS[244] on X,2718
Xlink:SMCC[219] on C,2719
Xlink:SMCC[219] on K,2720
Xlink:SMCC[219] on X,2721
Xlink:SMCC[237] on C,2722
Xlink:SMCC[237] on K,2723
Xlink:SMCC[237] on X,2724
Xlink:SMCC[321] on C,2725
ZGB on K,2726
ZGB on X,2727
ZQG on K,2728
